商品ｺｰﾄﾞ,商品名,商品名索引,単位,個数単位,主仕入先ｺｰﾄﾞ
S700095D00501,BC8A,,,,700095
S700095D00602,AS171L,AS171L,KG,,700095
S700125I00101,X 光拡散PP-MB MBG102H01DL/500kg X,ﾋｶﾘｶｸｻﾝPP,kg,kg,700125
S700125I00102,X 光拡散PP-MB MBG102H01D/1000kg X,ﾋｶﾘｶｸｻﾝPP,kg,kg,700125
S700125I00103,X 光拡散PP-MB MBG102H01D/2000kg X,ﾋｶﾘｶｸｻﾝPP,kg,kg,700125
S700125I00201,光拡散PP-MB XMBG105H02DH/500kg,ﾋｶﾘｶｸｻﾝPP,kg,kg,700125
S700125I00202,光拡散PP-MB XMBG105H02DH/1000kg,ﾋｶﾘｶｸｻﾝPP,kg,kg,700125
S700125I00203,光拡散PP-MB XMBG105H02DH/2000kg,ﾋｶﾘｶｸｻﾝPP,kg,kg,700125
S700155D00101,ﾃﾌﾛﾝ粘着ﾃｰﾌﾟASF-110FR 0.13x50x10m,,,,700155
S700165K01001,MPU-137080A ﾌﾞﾗｯｸ,MPU-137080,kg,,700165
S700165K02001,MPU-137081 ﾌﾞﾗｳﾝ,MPU-137080,kg,,700165
S700165K03001,MPU-137100 抗菌剤,MPU-137080,kg,,700165
S701012I00101,AES-W240 BAB302UA,AES-W240,ｋｇ,ｋｇ,701012
S701012I00102,AES-W240 BAC240,AES-W240,ｋｇ,ｋｇ,701012
S701135B00101,ITS-B001(膨張性黒鉛の原料),ITS-B001,ｋｇ,ｋｇ,701135
S701135D00000,FSK-CMB1,fsk-cmb1,kg,,701135
S701135D00101,350 ITS-001,ITS,,,701135
S701135D00102,350 卵殻,350 ﾀﾏｺﾞｶﾗ,,,701135
S701135D00201,C-1000灰 (ｽﾎﾟﾝｼﾞ)10x50x200,c-1000ﾊｲ (,個,,701135
S701135D00202,C-1000灰 (ｽﾎﾟﾝｼﾞ)45x50x200,c-1000ﾊｲ (,個,,701135
S701135D00501,C-1000灰 (ｽﾎﾟﾝｼﾞ)60x50x200,c-1000ﾊｲ (,個,,701135
S701135D00502,C-1000灰 (ｽﾎﾟﾝｼﾞ)90×50x200,c-1000ﾊｲ (,個,,701135
S701135D00601,MBN-85LK,mbn-85lk,kg,,701135
S701135D00701,NO.9360 4kg,ﾉ｡9360,缶,,701135
S701135D00801,HTR-SM4,HTR-SM4,KG,,701135
S701135D00802,HTR-SM4 ※最低120kg,HTR-SM4,KG,,701135
S701135D00901,MBN-85LK,mbn-85lk,kg,,701135
S701135D01101,ｾﾙﾏｲｸMB3072,ｾﾙﾏｲｸMB307,,,701135
S701135D01201,ﾃﾞｽﾓｼﾞｭｰﾙRFE,ﾃﾞｽﾓｼﾞｰﾙ,,,701135
S701135D01301,ﾄﾗﾝｽﾎﾟﾘｲｿﾌﾟﾚﾝ TP-301,,kg,,701135
S701135K00101,ITS-WTP39(EXP)（106㎏以上）,,kg,,701135
S701135K00102,ITS-WTP39(EXP)（530㎏以上）,,kg,,701135
S701135K00103,ITS-WTP39(EXP)（1060㎏以上）,,kg,,701135
S701135K00104,ITS-WTP39(EXP)（2000㎏以上）,,kg,,701135
S701155D01000,ｱｻﾋｶｾｲ　SOE S1611,ｵﾚﾌｨﾝ,kg,kg,701155
S701155D01100,ｱｻﾋｶｾｲ ｻﾝﾃｯｸ LD M2206,,kg,kg,701155
S701155D01200,ｱｻﾋｶｾｲ　ｽﾀｲﾗｯｸABS A127S27,,kg,kg,701155
S701155D01300,ｱｻﾋｶｾｲ ﾃﾞﾙﾍﾟｯﾄ 60N99140,,kg,kg,701155
S701155D01400,ｱｻﾋｶｾｲｹﾐｶﾙｽﾞ ｱｻｸﾘﾝ NEWEX,ﾊﾟｰｼﾞｻﾞｲ,kg,kg,701155
S701155D01500,ｱﾗｶﾜｶｶﾞｶ ｱﾙｺﾝ P-125,,kg,kg,701155
S701155D01600,ｱﾗｶﾜｶｶﾞｸ ﾌｧｲﾝｸﾘｽﾀﾙ KE-311,,kg,kg,701155
S701155D01700,ｵｵｻｶｶｾｲ ﾏﾙｶｻｲﾄﾞYP-PP(防ｶﾋﾞ材MB),ﾏﾙｶｻｲﾄﾞ,kg,kg,701155
S701155D02000,ｴｸｿﾝ ｻﾝﾄﾌﾟﾚｰﾝ 101-55 BK,ｵﾚﾌｨﾝ,kg,kg,701155
S701155D02100,ｴｸｿﾝ ｻﾝﾄﾌﾟﾚｰﾝ 101-64 BK*,ｵﾚﾌｨﾝ,kg,kg,701155
S701155D02101,ｴｸｿﾝ ｻﾝﾄﾌﾟﾚｰﾝ 101-64 BK*500kg以上,ｵﾚﾌｨﾝ,kg,kg,701155
S701155D02200,ｴｸｿﾝ ｻﾝﾄﾌﾟﾚｰﾝ 101-73 BK,ｵﾚﾌｨﾝ,kg,kg,701155
S701155D02300,ｴｸｿﾝ ｻﾝﾄﾌﾟﾚｰﾝ 101-80　ﾛｯﾄ：25kg以上,ｵﾚﾌｨﾝ,kg,kg,701155
S701155D02400,ｴｸｿﾝ ｻﾝﾄﾌﾟﾚｰﾝ 101-87 BK,ｵﾚﾌｨﾝ,kg,kg,701155
S701155D02500,ｴｸｿﾝ ｻﾝﾄﾌﾟﾚｰﾝ 103-40 BK,ｵﾚﾌｨﾝ,kg,kg,701155
S701155D02600,ｴｸｿﾝ ｻﾝﾄﾌﾟﾚｰﾝ 103-50 BK,ｵﾚﾌｨﾝ,kg,kg,701155
S701155D02700,ｴｸｿﾝ ｻﾝﾄﾌﾟﾚｰﾝ 111-354,ｵﾚﾌｨﾝ,kg,kg,701155
S701155D02800,ｴｸｿﾝ ｻﾝﾄﾌﾟﾚｰﾝ 111-450,ｵﾚﾌｨﾝ,kg,kg,701155
S701155D02900,ｴｸｿﾝ ｻﾝﾄﾌﾟﾚｰﾝ 121-87,ｵﾚﾌｨﾝ,kg,kg,701155
S701155D03000,ｴｸｿﾝ ｻﾝﾄﾌﾟﾚｰﾝ 123-52W242,ｵﾚﾌｨﾝ,kg,kg,701155
S701155D03100,ｴｸｿﾝ ｻﾝﾄﾌﾟﾚｰﾝ 201-55 ｼﾛ*,ｵﾚﾌｨﾝ,kg,kg,701155
S701155D03200,ｴｸｿﾝ ｻﾝﾄﾌﾟﾚｰﾝ 201-64 ｼﾛ 100kg未満,ｵﾚﾌｨﾝ,kg,kg,701155
S701155D03201,ｴｸｿﾝ ｻﾝﾄﾌﾟﾚｰﾝ 201-64 ｼﾛ 100Kg以上,ｵﾚﾌｨﾝ,kg,kg,701155
S701155D03300,ｴｸｿﾝ ｻﾝﾄﾌﾟﾚｰﾝ 201-80,ｵﾚﾌｨﾝ,kg,kg,701155
S701155D03301,ｴｸｿﾝ ｻﾝﾄﾌﾟﾚｰﾝ 201-87 ﾅﾁｭﾗﾙ,ｵﾚﾌｨﾝ,kg,kg,701155
S701155D03400,ｴｸｿﾝ ｻﾝﾄﾌﾟﾚｰﾝ 203-40,ｵﾚﾌｨﾝ,kg,kg,701155
S701155D03500,ｴｸｿﾝ ｻﾝﾄﾌﾟﾚｰﾝ 8201-60,ｵﾚﾌｨﾝ,kg,kg,701155
S701155D03501,ｴｸｿﾝ ｻﾝﾄﾌﾟﾚｰﾝ 8201-60 100kg以上,ｵﾚﾌｨﾝ,kg,kg,701155
S701155D03600,ｴｸｿﾝ ｻﾝﾄﾌﾟﾚｰﾝ 8201-70 100kg以上,ｵﾚﾌｨﾝ,kg,kg,701155
S701155D03601,ｴｸｿﾝ ｻﾝﾄﾌﾟﾚｰﾝ 8201-70 100kg未満,ｵﾚﾌｨﾝ,kg,kg,701155
S701155D03700,ｴｸｿﾝ ｻﾝﾄﾌﾟﾚｰﾝ 8201-80　25Kg,ｵﾚﾌｨﾝ,kg,kg,701155
S701155D03800,ｴｸｿﾝ ｻﾝﾄﾌﾟﾚｰﾝ 8211-25(ｼｻｸ),ｵﾚﾌｨﾝ,kg,kg,701155
S701155D03900,ｴｸｿﾝ ｻﾝﾄﾌﾟﾚｰﾝ 8211-55,ｵﾚﾌｨﾝ,kg,kg,701155
S701155D04000,ｴｸｿﾝ ﾋﾞｽﾀﾏｯｸｽ VM6102 (25kgﾛｯﾄ),,kg,kg,701155
S701155D04001,ｴｸｿﾝ ﾋﾞｽﾀﾏｯｸｽ VM6102 (300kgﾛｯﾄ),,kg,kg,701155
S701155D04002,ｴｸｿﾝ ﾋﾞｽﾀﾏｯｸｽ VM6102 (1000kgﾛｯﾄ),,kg,kg,701155
S701155D04003,ｴｸｿﾝ ﾋﾞｽﾀﾏｯｸｽ VM6102 (3000kgﾛｯﾄ),,kg,kg,701155
S701155D04100,ｸﾗﾘﾃｨ LA2250(他ｸﾚｰﾄﾞ含め100kg未満),ｿﾌﾄｱｸﾘﾙ,kg,kg,701155
S701155D04101,ｸﾗﾘﾃｨ LA2250(他ｸﾚｰﾄﾞ含め100～300kg),ｿﾌﾄｱｸﾘﾙ,kg,kg,701155
S701155D04102,ｸﾗﾘﾃｨ LA2250(他ｸﾚｰﾄﾞ含め320kg以上),ｿﾌﾄｱｸﾘﾙ,kg,kg,701155
S701155D04110,ｸﾗﾘﾃｨ LA2250 DF-20%,ｿﾌﾄｱｸﾘﾙ,式,kg,701155
S701155D04200,ｸﾗﾘﾃｨ LA2270(他ｸﾞﾚｰﾄﾞ含め100kg未満),ｿﾌﾄｱｸﾘﾙ,Kg,kg,701155
S701155D04201,ｸﾗﾘﾃｨ LA2270(他ｸﾞﾚｰﾄﾞ含め100～300kg),ｿﾌﾄｱｸﾘﾙ,kg,kg,701155
S701155D04202,ｸﾗﾘﾃｨ LA2270(他ｸﾞﾚｰﾄﾞ含めて320㎏以上,ｿﾌﾄｱｸﾘﾙ,kg,kg,701155
S701155D04300,ｸﾗﾘﾃｨ LA2330(他ｸﾞﾚｰﾄﾞ含め100～300kg),ｿﾌﾄｱｸﾘﾙ,kg,kg,701155
S701155D04301,ｸﾗﾘﾃｨ LA2330(他ｸﾞﾚｰﾄﾞ含め320㎏以上）,ｿﾌﾄｱｸﾘﾙ,kg,kg,701155
S701155D04400,ｸﾗﾘﾃｨ LA4285(他ｸﾞﾚｰﾄﾞ含め100kg未満),ｿﾌﾄｱｸﾘﾙ,kg,kg,701155
S701155D04401,ｸﾗﾘﾃｨ LA4285(他ｸﾞﾚｰﾄﾞ含め100kg以上),ｿﾌﾄｱｸﾘﾙ,kg,kg,701155
S701155D04402,ｸﾗﾘﾃｨ LA4285(他ｸﾞﾚｰﾄﾞ含め320kg以上）,ｿﾌﾄｱｸﾘﾙ,kg,kg,701155
S701155D04500,ｸﾗﾘﾃｨ LB550(他ｸﾞﾚｰﾄﾞ含め100kg未満),ｿﾌﾄｱｸﾘﾙ,kg,kg,701155
S701155D04501,ｸﾗﾘﾃｨ LB550(他ｸﾞﾚｰﾄﾞ含め100～300kg),ｿﾌﾄｱｸﾘﾙ,kg,kg,701155
S701155D04502,ｸﾗﾘﾃｨ LB550(他ｸﾞﾚｰﾄﾞ含め320kg以上）,ｿﾌﾄｱｸﾘﾙ,kg,kg,701155
S701155D04600,ｸﾗﾘﾃｨ LM730H(他ｸﾞﾚｰﾄﾞ含め100kg未満),ｿﾌﾄｱｸﾘﾙ,kg,kg,701155
S701155D04601,ｸﾗﾘﾃｨ LM730H(他ｸﾞﾚｰﾄﾞ含め100～300kg),ｿﾌﾄｱｸﾘﾙ,kg,kg,701155
S701155D04602,ｸﾗﾘﾃｨ LM730H(他ｸﾞﾚｰﾄﾞ含め320kg),ｿﾌﾄｱｸﾘﾙ,kg,kg,701155
S701155D04610,ｸﾗﾘﾃｨ LA3320(他ｸﾞﾚｰﾄﾞ含め100kg未満),ｸﾗﾘﾃｨ,kg,kg,701155
S701155D04611,ｸﾗﾘﾃｨ LA3320(他ｸﾞﾚｰﾄﾞ含め100～300kg),ｸﾗﾘﾃｨ,kg,kg,701155
S701155D04612,ｸﾗﾘﾃｨ LA3320(他ｸﾞﾚｰﾄﾞ含め320kg),ｸﾗﾘﾃｨ,kg,kg,701155
S701155D04700,ｸﾗﾚ ｱｰﾈｽﾄﾝ CJ001N,,kg,kg,701155
S701155D04800,ｸﾗﾚ ｱｰﾈｽﾄﾝ EG40WFS-01,,kg,kg,701155
S701155D04900,ｸﾗﾚ ｱｰﾈｽﾄﾝ JS20N（ﾅﾁｭﾗﾙ）25kg以上,,kg,kg,701155
S701155D04901,ｸﾗﾚ ｱｰﾈｽﾄﾝ JS20N（ﾅﾁｭﾗﾙ）100kg以上,,kg,kg,701155
S701155D04902,ｸﾗﾚ ｱｰﾈｽﾄﾝ JS20N（ﾅﾁｭﾗﾙ）300kg以上,,kg,kg,701155
S701155D05000,ｸﾗﾚ ﾊﾟﾗﾍﾟｯﾄ G1000 200kg未満,ｱｸﾘﾙ,kg,kg,701155
S701155D05001,ｸﾗﾚ ﾊﾟﾗﾍﾟｯﾄ G1000 200kg以上,ｱｸﾘﾙ,kg,kg,701155
S701155D05100,ｸﾗﾚ ﾊﾟﾗﾍﾟｯﾄ SA1000 CW001 200kg未満,ｿﾌﾄｱｸﾘﾙ,kg,kg,701155
S701155D05101,ﾊﾟﾗﾍﾟｯﾄSA1000CW001 200㎏以上他ﾄ合可,ｿﾌﾄｱｸﾘﾙ,kg,kg,701155
S701155D05110,ｸﾗﾚ SA1000-CW001 TZA-5%,ｿﾌﾄｱｸﾘﾙ,kg,kg,701155
S701155D05201,ﾊﾟﾗﾍﾟｯﾄSA1000FW001 200kg以上他ﾄ合可,ｿﾌﾄｱｸﾘﾙ,kg,kg,701155
S701155D05300,ｸﾗﾚ ﾊﾟﾗﾍﾟｯﾄ SA1000 FR201 200kg未満,ｿﾌﾄｱｸﾘﾙ,kg,kg,701155
S701155D05301,ﾊﾟﾗﾍﾟｯﾄSA1000FR201 200kg以上他ﾄ合可,ｿﾌﾄｱｸﾘﾙ,kg,kg,701155
S701155D05400,ｸﾗﾚ ﾊﾟﾗﾍﾟｯﾄ SA1000 NW001 200kg未満,ｿﾌﾄｱｸﾘﾙ,kg,kg,701155
S701155D05401,ﾊﾟﾗﾍﾟｯﾄSA1000NW001 200kg以上他ﾄ合可,ｿﾌﾄｱｸﾘﾙ,kg,kg,701155
S701155D05402,ｸﾗﾚ ﾊﾟﾗﾍﾟｯﾄ SA1000 NW001 500kg以上,ｿﾌﾄｱｸﾘﾙ,kg,kg,701155
S701155D05500,ｸﾗﾚ ﾊﾟﾗﾍﾟｯﾄ SA1000 NW201 200kg未満,ｿﾌﾄｱｸﾘﾙ,kg,kg,701155
S701155D05501,ﾊﾟﾗﾍﾟｯﾄSA1000NW201 200kg以上他ﾄ合可,ｿﾌﾄｱｸﾘﾙ,kg,kg,701155
S701155D05600,ｸﾗﾚ ﾊﾟﾗﾍﾟｯﾄ SA1000 FP(粉) 200kg未満,ｿﾌﾄｱｸﾘﾙ,kg,kg,701155
S701155D05601,ﾊﾟﾗﾍﾟｯﾄSA1000FP(粉) 200kg以上他ﾄ合可,ｿﾌﾄｱｸﾘﾙ,kg,kg,701155
S701155D05700,ｸﾗﾚ ﾊﾟﾗﾍﾟｯﾄ SA1000 NP(粉) 200kg未満,ｿﾌﾄｱｸﾘﾙ,kg,kg,701155
S701155D05701,ﾊﾟﾗﾍﾟｯﾄSA1000NP(粉 200kg以上他ﾄ合可,ｿﾌﾄｱｸﾘﾙ,kg,kg,701155
S701155D05711,ﾊﾟﾗﾍﾟｯﾄ GF-1000　25kg～200kg未満,ﾊﾟﾗﾍﾟｯﾄ gf,kg,kg,701155
S701155D05801,ゼオノア　1020R,ｾﾞｵﾉｱ 1020,㎏,㎏,701155
S701155D05901,TOPAS　8007F-04,TOPAS  800,㎏,㎏,701155
S701155D06100,ｼｮｳﾜｶｾｲ GUF40M-A03 25kgﾛｯﾄ,,kg,kg,701155
S701155D06200,ｼｮｳﾜｶｾｲ ﾏｷｼﾛﾝ EJ-S5102 B-1,,kg,kg,701155
S701155D06300,ｼｮｳﾜｶｾｲ ﾏｷｼﾛﾝ ZAK40L-A03 NAT,ｽﾁﾚﾝ,kg,kg,701155
S701155D06400,ｼｮｳﾜｶｾｲPVC ZAK50L A07 NA,ｽﾁﾚﾝ,kg,kg,701155
S701155D06500,ｼｮｳﾜｶｾｲPVC ZAK80L-A03 NA,ｽﾁﾚﾝ,kg,kg,701155
S701155D06600,ｼｮｳﾜｶｾｲPVC ZAK90L-E03 U-3,ｽﾁﾚﾝ,kg,kg,701155
S701155D06700,ｼﾝｴﾂﾎﾟﾘﾏｰ EZ-501 ﾋﾟﾝｸ 232 25kgﾛｯﾄ,,kg,kg,701155
S701155D06701,ｼﾝｴﾂﾎﾟﾘﾏｰ EZ-501 ﾌﾞﾙｰ 704 25kgﾛｯﾄ,,kg,kg,701155
S701155D06800,ｼﾝｴﾂﾎﾟﾘﾏｰ SE-855 NATURAL,,kg,kg,701155
S701155D06801,ｼﾝｴﾂﾎﾟﾘﾏｰ SE-855（黒）,,kg,kg,701155
S701155D06900,ｽﾐﾄﾓ ｽﾐｺﾝ VM1125A55 WH-9Y-254,,kg,kg,701155
S701155D07000,ﾀｹﾊﾗｶｶﾞｸ ﾏｯｸｽ 1180K (25kgﾛｯﾄ),ﾀﾝｶﾙ,kg,kg,701155
S701155D07100,ﾀｹﾊﾗｶｶﾞｸ ﾏｯｸｽ 2080K (25kgﾛｯﾄ),ﾀﾝｶﾙ,kg,kg,701155
S701155D07101,ﾀｹﾊﾗｶｶﾞｸ ﾏｯｸｽ 2080K (1000kgﾛｯﾄ),ﾀﾝｶﾙ,kg,kg,701155
S701155D07200,ﾃｸﾉﾎﾟﾘﾏｰ ﾃｸﾉABS 150 BR21113,,kg,kg,701155
S701155D07300,ﾃｸﾎﾟﾘﾏｰ SBX-8,,kg,kg,701155
S701155D07400,ﾃﾞﾝｶABS SE10,ABS,kg,kg,701155
S701155D07500,ﾄｳｿｰ ｳﾙﾄﾗｾﾝ 520F,,kg,kg,701155
S701155D07600,ﾄｳｿｰ ｳﾙﾄﾗｾﾝ 633,,kg,kg,701155
S701155D07700,ﾄｳｿｰ ｳﾙﾄﾗｾﾝ EV630,,kg,kg,701155
S701155D07800,ﾄｳﾖｳﾎﾞｳ ｻｰﾘﾝｸ 3160N,ｵﾚﾌｨﾝ,kg,kg,701155
S701155D07900,ﾆｯﾄｳﾌﾝｶ ｶﾙﾍﾟｯﾄA,,kg,kg,701155
S701155D08000,ﾆﾎﾝｶｾｲ ｽﾘﾊﾟｯｸｽO,,kg,kg,701155
S701155D08100,ﾆﾎﾝﾌﾟﾗｽ PVC FS-50%N,,kg,kg,701155
S701155D08200,ﾆﾎﾝﾎﾟﾘｴﾁ  ﾉﾊﾞﾃｯｸLD ZR20114MB20,LDPE,kg,kg,701155
S701155D08300,ﾆﾎﾝﾎﾟﾘｴﾁﾚﾝ ﾉﾊﾞﾃｯｸPP EA6A(串) *,PP,kg,kg,701155
S701155D08400,ﾆﾎﾝﾎﾟﾘｴﾁﾚﾝ ﾉﾊﾞﾃｯｸPP EA9H,PP,kg,kg,701155
S701155D08500,ﾉﾊﾞﾃｯｸ EG8B (25kgﾛｯﾄ),,kg,kg,701155
S701155D08501,ﾉﾊﾞﾃｯｸ EG8B (300kgﾛｯﾄ),,kg,kg,701155
S701155D08502,ﾉﾊﾞﾃｯｸ EG8B (1000kgﾛｯﾄ),,kg,kg,701155
S701155D08600,ﾊﾟﾗﾍﾟｯﾄSANP MHW64702(拡散材10%MB),ｿﾌﾄｱｸﾘﾙ,kg,kg,701155
S701155D08700,ﾌﾟﾗｲﾑﾎﾟﾘﾏｰ ﾌﾟﾗｲﾑﾎﾟﾘﾌﾟﾛ F-744NP,,kg,kg,701155
S701155D08800,ﾍﾞﾙﾍﾟｯﾄE-02 (PET樹脂),PET,kg,kg,701155
S701155D08900,ﾐﾂｲｶｶﾞｸ ﾀﾌﾏｰ PN3560,,kg,kg,701155
S701155D09000,ﾐﾂｲｶｶﾞｸ ﾈｵｾﾞｯｸｽ 1014T,,kg,kg,701155
S701155D09100,ﾐﾂｲｶｶﾞｸ ﾐﾗｽﾄﾏｰ 4010NS (25kgﾛｯﾄ),ｵﾚﾌｨﾝ,kg,kg,701155
S701155D09101,ﾐﾂｲｶｶﾞｸ ﾐﾗｽﾄﾏｰ 4010NS (100kgﾛｯﾄ),ｵﾚﾌｨﾝ,kg,kg,701155
S701155D09200,ﾐﾂｲｶｶﾞｸ ﾐﾗｽﾄﾏｰ 7030NS,ｵﾚﾌｨﾝ,kg,kg,701155
S701155D09300,ﾐﾂﾋﾞｼｶｶﾞｸ ｻｰﾓﾗﾝ 3555N,,kg,kg,701155
S701155D09400,ﾐﾂﾋﾞｼｶｶﾞｸ ｻｰﾓﾗﾝ 3855B,,kg,kg,701155
S701155D09500,ﾐﾂﾋﾞｼｶｶﾞｸ ｻﾝﾌﾟﾚｰﾝ 7206 BK,S-PVC,Kg,kg,701155
S701155D09600,ﾐﾂﾋﾞｼｶｶﾞｸ ｻﾝﾌﾟﾚｰﾝ FA90EB BK,S-PVC,kg,kg,701155
S701155D09700,ﾐﾂﾋﾞｼｶｶﾞｸ ｻﾝﾌﾟﾚｰﾝ FE45FB BK,S-PVC,kg,kg,701155
S701155D09800,ﾐﾂﾋﾞｼｶｶﾞｸ ｻﾝﾌﾟﾚｰﾝ FE45FC BK,S-PVC,kg,kg,701155
S701155D09900,ﾐﾂﾋﾞｼｶｶﾞｸ ｻﾝﾌﾟﾚｰﾝ FE55FB BK2,S-PVC,kg,kg,701155
S701155D10000,ﾐﾂﾋﾞｼｶｶﾞｸ ｻﾝﾌﾟﾚｰﾝ FE55HA1 LGY9,,kg,kg,701155
S701155D10001,ﾐﾂﾋﾞｼ ｶｶﾞｸ ｻﾝﾌﾟﾚｰﾝ FE55HA1 BK,ｻﾝﾌﾟﾚｰﾝ,,,701155
S701155D10100,ﾐﾂﾋﾞｼｶｶﾞｸ ｻﾝﾌﾟﾚｰﾝ FE65HA LGY,S-PVC,kg,kg,701155
S701155D10200,ﾐﾂﾋﾞｼｶｶﾞｸ ｻﾝﾌﾟﾚｰﾝ FE65HB LGY4,S-PVC,kg,kg,701155
S701155D10300,ﾐﾂﾋﾞｼｶｶﾞｸ ｻﾝﾌﾟﾚｰﾝ FE70LB ﾗｲﾄｸﾞﾚｰ,S-PVC,kg,kg,701155
S701155D10400,ﾐﾂﾋﾞｼｶｶﾞｸ ｻﾝﾌﾟﾚｰﾝ FE80EE BK,S-PVC,kg,kg,701155
S701155D10500,ﾐﾂﾋﾞｼｶｶﾞｸ ｻﾝﾌﾟﾚｰﾝ FG50EB N,S-PVC,kg,kg,701155
S701155D10600,ﾐﾂﾋﾞｼｶｶﾞｸ ｻﾝﾌﾟﾚｰﾝFE65HB-BK F1400-2,S-PVC,kg,kg,701155
S701155D10700,ﾐﾂﾋﾞｼｶｶﾞｸ ｻﾝﾌﾟﾚｰﾝFE70EA ﾌﾞﾗｯｸ,S-PVC,kg,kg,701155
S701155D10800,ﾐﾂﾋﾞｼｶｶﾞｸ ｽﾐﾌﾚｯｸｽ K530CA2 BK,S-PVC,kg,kg,701155
S701155D10900,ﾐﾂﾋﾞｼｶｶﾞｸ ｽﾐﾌﾚｯｸｽ K761BT-N-638-S1,S-PVC,kg,kg,701155
S701155D11000,ﾐﾂﾋﾞｼｶｶﾞｸ ｽﾐﾌﾚｯｸｽ K900AF BL,S-PVC,kg,kg,701155
S701155D11100,ﾐﾂﾋﾞｼｶｶﾞｸ ﾃｨﾌｧｯﾌﾞﾛｯｸSJ8400B(ﾗﾊﾞﾛﾝ,ｽﾁﾚﾝ,kg,kg,701155
S701155D11200,ﾐﾂﾋﾞｼｶｶﾞｸ ﾃｨﾌｧﾌﾞﾛｯｸ SE8400B(ﾗﾊﾞﾛﾝ,ｽﾁﾚﾝ,kg,kg,701155
S701155D11300,ﾐﾂﾋﾞｼｶｶﾞｸ ﾃｨﾌｧﾌﾞﾛｯｸ SJ4400B 黒(ﾗﾊﾞ,ｽﾁﾚﾝ,kg,kg,701155
S701155D11400,ﾐﾂﾋﾞｼｶｶﾞｸ ﾃｨﾌｧﾌﾞﾛｯｸ SJ5400N(ﾗﾊﾞﾛﾝ,ｽﾁﾚﾝ,kg,kg,701155
S701155D11500,ﾐﾂﾋﾞｼｶｶﾞｸ ﾋﾞﾆｶ CA88NA（黒）LOT:25kg,S-PVC,kg,kg,701155
S701155D11600,ﾐﾂﾋﾞｼｶｶﾞｸ ﾋﾞﾆｶ D3096K BK,S-PVC,kg,kg,701155
S701155D11601,ﾋﾞﾆｶCE60EA(C2798ﾀﾞｰｸｸﾞﾚｰ)*,,,,701155
S701155D11700,ﾐﾂﾋﾞｼﾚｲﾖﾝ ｱｸﾘﾍﾟｯﾄ RF040,ｱｸﾘﾍﾟｯﾄ,kg,kg,701155
S701155D11800,ﾐﾂﾋﾞｼﾚｲﾖﾝ ｱｸﾘﾍﾟｯﾄ VH NS530,,kg,kg,701155
S701155D11900,ﾓﾋﾞﾛﾝ P27EST(ｳﾚﾀﾝ樹脂) (20kgﾛｯﾄ),ｳﾚﾀﾝ,kg,kg,701155
S701155D12000,ﾘｹﾝ LG-0549 72-0322ｸﾛ  PVC (UFO),,kg,kg,701155
S701155D12100,ﾘｹﾝ ﾚｵｽﾄﾏｰE3180 ZR50030,,kg,kg,701155
S701155D12200,ﾘｹﾝﾃｸﾉｽ BBL1281A (HDA50) ｸﾞﾚｰ,S-PVC,kg,kg,701155
S701155D12300,SA-CP-20MB（5部添加）（日本ﾌﾟﾗｽ工業,SA-CP-5MB(,kg,kg,701155
S701155D13000,ZR20189 ｼﾌﾟﾈｽｶﾗｰ(ｻﾝﾄﾌﾟﾚﾝ201-87ｸﾞﾚｰ）,,kg,kg,100101
S701155I00101,MB/ASKM-75153-15 ｸﾞﾚｰ,MB/ASKM -7,ｋｇ,ｋｇ,701155
S701155I00201,MR10048(屋外照明ｶﾊﾞｰ乳白用)125kg以上,MR10048,ｋｇ,ｋｇ,701155
S701155I00301,SE-855 ｸﾛ,SE-855,ｋｇ,ｋｇ,701155
S701155I00401,ｴｸｿﾝﾓｰﾋﾞﾙ ｻﾝﾄﾌﾟﾚｰﾝ101-73 50kg,ｴｸｿﾝﾓｰﾋﾞﾙ,ｋｇ,ｋｇ,701155
S701155I00402,ｴｸｿﾝﾓｰﾋﾞﾙ ｻﾝﾄﾌﾟﾚｰﾝ101-73 100kg,ｴｸｿﾝﾓｰﾋﾞﾙ,ｋｇ,ｋｇ,701155
S701155I00403,ｴｸｿﾝﾓｰﾋﾞﾙ ｻﾝﾄﾌﾟﾚｰﾝ101-87 50kg,ｴｸｿﾝﾓｰﾋﾞﾙ,ｋｇ,ｋｇ,701155
S701155I00404,ｴｸｿﾝﾓｰﾋﾞﾙ ｻﾝﾄﾌﾟﾚｰﾝ101-87 100kg,ｴｸｿﾝﾓｰﾋﾞﾙ,ｋｇ,ｋｇ,701155
S701155I00405,ｴｸｿﾝﾓｰﾋﾞﾙ ｻﾝﾄﾌﾟﾚｰﾝ103-50 100kg,ｴｸｿﾝﾓｰﾋﾞﾙ,ｋｇ,ｋｇ,701155
S701155I00406,ｴｸｿﾝﾓｰﾋﾞﾙ ｻﾝﾄﾌﾟﾚｰﾝ103-50 300kg,ｴｸｿﾝﾓｰﾋﾞﾙ,ｋｇ,ｋｇ,701155
S701155I00407,ｻﾝﾄﾌﾟﾚｰﾝ 121-68W228,ｻﾝﾄﾌﾟﾚｰﾝ,ｋｇ,ｋｇ,701155
S701155I00408,ｻﾝﾄﾌﾟﾚｰﾝ 8211-25,ｻﾝﾄﾌﾟﾚｰﾝ,ｋｇ,ｋｇ,701155
S701155I00501,ｸﾚｵﾚｯｸｽ K4125 1t未満,ｸﾚｵﾚｯｸｽ,ｋｇ,ｋｇ,701155
S701155I00503,ｸﾚｵﾚｯｸｽ K4750 1t未満,ｸﾚｵﾚｯｸｽ,ｋｇ,ｋｇ,701155
S701155I00504,ｸﾚｵﾚｯｸｽ K4750 1t以上,ｸﾚｵﾚｯｸｽ,ｋｇ,ｋｇ,701155
S701155I00601,ｻﾝﾌﾟﾚｰﾝ F1400-2 FE65HB　BK,ｻﾝﾄﾌﾟﾚｰﾝ,ｋｇ,ｋｇ,701155
S701155I00701,ﾀﾌﾏｰ A-4050S,ﾀﾌﾏｰA-4050,ｋｇ,ｋｇ,701155
S701155I00801,ﾃｸﾉ150 BR21113 ﾗｲﾄｸﾞﾚｰ,ﾃｸﾉ150 BR2,ｋｇ,ｋｇ,701155
S701155I00901,ﾃﾌｧﾌﾞﾛｯｸ SE8400B(旧ﾗﾊﾞﾛﾝ),ﾗﾊﾞﾛﾝ,ｋｇ,ｋｇ,701155
S701155I01001,ﾃﾞﾙﾍﾟｯﾄ 60N,ﾃﾞﾙﾍﾟｯﾄ,ｋｇ,ｋｇ,701155
S701155I01002,ﾃﾞﾙﾍﾟｯﾄ 80N,ﾃﾞﾙﾍﾟｯﾄ,ｋｇ,ｋｇ,701155
S701155I01003,ﾃﾞﾙﾍﾟｯﾄ 80N MR10048(乳半) 25kg以上,ﾃﾞﾙﾍﾟｯﾄ,ｋｇ,ｋｇ,701155
S701155I01004,ﾃﾞﾙﾍﾟｯﾄ 80N MR10048(乳半) 50kg以上,ﾃﾞﾙﾍﾟｯﾄ,ｋｇ,ｋｇ,701155
S701155I01005,ﾃﾞﾙﾍﾟｯﾄ 80N MR10048(乳半) 75kg以上,ﾃﾞﾙﾍﾟｯﾄ,ｋｇ,ｋｇ,701155
S701155I01006,ﾃﾞﾙﾍﾟｯﾄ 80N MR10048(乳半) 100kg以上,ﾃﾞﾙﾍﾟｯﾄ,ｋｇ,ｋｇ,701155
S701155I01007,ﾃﾞﾙﾍﾟｯﾄ 80N MR10048(乳半) 125kg以上,ﾃﾞﾙﾍﾟｯﾄ,ｋｇ,ｋｇ,701155
S701155I01008,ﾃﾞﾙﾍﾟｯﾄ 80N MR10048(乳半) 300kg以上,ﾃﾞﾙﾍﾟｯﾄ,ｋｇ,ｋｇ,701155
S701155I01101,ﾉﾃｨｵ PN-3560,ﾉﾃｨｵPN-356,ｋｇ,ｋｇ,701155
S701155I01201,ﾊﾟﾗﾍﾟｯﾄ G1000,ﾊﾟﾗﾍﾟｯﾄ  G,ｋｇ,ｋｇ,701155
S701155I01202,ﾊﾟﾗﾍﾟｯﾄ SA-CW001-1000(次回単価確認),ﾊﾟﾗﾍﾟｯﾄ SA,ｋｇ,ｋｇ,701155
S701155I01203,ﾊﾟﾗﾍﾟｯﾄ SA-FW001-1000 (次回単価確認),ﾊﾟﾗﾍﾟｯﾄ SA,ｋｇ,ｋｇ,701155
S701155I01301,ﾊﾟﾝﾗｲﾄ LV-2250Y NAT 25kg以上,ﾊﾟﾝﾗｲﾄ,ｋｇ,ｋｇ,701155
S701155I01302,ﾊﾟﾝﾗｲﾄ ML-3104ZHP/TG2525,ﾊﾟﾝﾗｲﾄ,ｋｇ,ｋｇ,701155
S701155I01303,ﾊﾟﾝﾗｲﾄ ML-7500ZAH 100kg未満,ﾊﾟﾝﾗｲﾄ,ｋｇ,ｋｇ,701155
S701155I01304,ﾊﾟﾝﾗｲﾄ ML-7500ZAH 100kg以上,ﾊﾟﾝﾗｲﾄ,ｋｇ,ｋｇ,701155
S701155I01305,ﾊﾟﾝﾗｲﾄ ML-7500ZAH 1000kg以上,ﾊﾟﾝﾗｲﾄ,ｋｇ,ｋｇ,701155
S701155I01306,ﾊﾟﾝﾗｲﾄ ML-7500ZBH 100kg未満,ﾊﾟﾝﾗｲﾄ,ｋｇ,ｋｇ,701155
S701155I01307,ﾊﾟﾝﾗｲﾄ ML-7500ZBH 100kg以上,ﾊﾟﾝﾗｲﾄ,ｋｇ,ｋｇ,701155
S701155I01308,ﾊﾟﾝﾗｲﾄ ML-7500ZBH 1000kg以上,ﾊﾟﾝﾗｲﾄ,ｋｇ,ｋｇ,701155
S701155I01309,ﾊﾟﾝﾗｲﾄ ML-7500ZCH 100kg未満,ﾊﾟﾝﾗｲﾄ,ｋｇ,ｋｇ,701155
S701155I01310,ﾊﾟﾝﾗｲﾄ ML-7500ZCH 100kg以上,ﾊﾟﾝﾗｲﾄ,ｋｇ,ｋｇ,701155
S701155I01311,ﾊﾟﾝﾗｲﾄ ML-7500ZCH 1000kg以上,ﾊﾟﾝﾗｲﾄ,ｋｇ,ｋｇ,701155
S701155I01312,ﾊﾟﾝﾗｲﾄ MN-4805Z 100kg未満,ﾊﾟﾝﾗｲﾄ,ｋｇ,ｋｇ,701155
S701155I01313,ﾊﾟﾝﾗｲﾄ MN-4805Z 100kg以上,ﾊﾟﾝﾗｲﾄ,ｋｇ,ｋｇ,701155
S701155I01314,ﾊﾟﾝﾗｲﾄ MN-4805Z 1000kg以上,ﾊﾟﾝﾗｲﾄ,ｋｇ,ｋｇ,701155
S701155I01315,ﾊﾟﾝﾗｲﾄML-4104ZHP TG2533 (PC原料),ﾊﾟﾝﾗｲﾄ,ｋｇ,ｋｇ,701155
S701155I01316,ﾊﾟﾝﾗｲﾄ ML-3302ZHS,ﾊﾟﾝﾗｲﾄ,ｋｇ,ｋｇ,701155
S701155I01401,ﾋﾞﾆｶ D1148 GY13(樹脂金具),ﾋﾞﾆｶ,ｋｇ,ｋｇ,701155
S701155I01501,ﾘﾝｸﾛﾝ HZ083 25kg～,XVF600N,ｋｇ,ｋｇ,701155
S701155I01502,ﾘﾝｸﾛﾝ XLE830N 100kg～ Ito,XVF600N,ｋｇ,ｋｇ,701155
S701155I01503,ﾘﾝｸﾛﾝ XVF600N,XVF600N,ｋｇ,ｋｇ,701155
S701155I01601,三井化学 TPX DX845　100kg未満,TPX,ｋｇ,ｋｇ,701155
S701155I01602,三井化学 TPX DX845　100kg以上,TPX,ｋｇ,ｋｇ,701155
S701155I01701,出光PP E105GM 2t未満,PP E105,ｋｇ,ｋｇ,701155
S701155I01801,ﾋﾞﾆｶCE60EA(C2798ﾀﾞｰｸｸﾞﾚｰ)*,,,,701155
S701155I01901,851Z-IO2 (ﾊｰﾈｽｶﾊﾞｰ),851Z-IO2,kg,kg,701155
S701155I02001,ﾋﾞｽﾀﾏｯｸｽ VM6102 Lot:1000kg/運賃込 石,ﾋﾞｽﾀﾏｯｸｽ,kg,kg,701155
S701155I02002,ﾋﾞｽﾀﾏｯｸｽ VM6102 Lot:5000kg 石狩入れ,ﾋﾞｽﾀﾏｯｸｽ,kg,kg,701155
S701155I02101,ﾉﾊﾞﾃｯｸ EG8B Lot:1t未満 石狩入れ,EG8B,kg,kg,701155
S701155I02102,ﾉﾊﾞﾃｯｸ EG8B Lot:1t以上 石狩入れ,EG8B,kg,kg,701155
S701155I02201,ﾀｹﾊﾗｶｶﾞｸ MAX2080K Lot:100kg 石狩入れ,MAX2080K,kg,kg,701155
S701155I02202,ﾀｹﾊﾗｶｶﾞｸ MAX2080K Lot:300kg 石狩入れ,MAX2080K,kg,kg,701155
S701155I02301,LANXESS(ﾃﾞｭﾚﾀﾝ AKV325 GF25%入り）,ﾃﾞｭﾚﾀﾝ,kg,kg,701155
S701185D00101,ﾘｹﾝ KBC9060Q 42-0414 ｸﾛ,,,,701185
S701185D00201,ﾘｹﾝ KBC0730A 42-0414 ｸﾛ,,,,701185
S701185D00301,ﾘｹﾝ KBS0292A 40-1017 ﾄｳﾒｲ,,,,701185
S701185D00401,ﾘｹﾝ ﾚｵｽﾄﾏｰ LE-3080N 78-1229 ﾗｲﾄﾌﾞﾗｳﾝ,,,,701185
S701185D00501,ﾘｹﾝ ﾚｵｽﾄﾏｰ LE-3180N 72-1252 ﾀﾞｰｸｸﾞﾚｰ,,,,701185
S701185D00601,ﾘｹﾝ ﾚｵｽﾄﾏｰ LE-3180N 78-1221 ｺｹﾞﾁｬ,,,,701185
S701185D00701,ﾘｹﾝ ﾚｵｽﾄﾏｰ LE-3180N 82-1334　ｸﾞﾚｰ,,,,701185
S701185D00801,ﾘｹﾝ ﾚｵｽﾄﾏｰ LE-3180N ﾅﾁｭﾗﾙ,,,,701185
S701185D00901,ﾘｹﾝ ﾚｵｽﾄﾏｰ LE-3180N-1 ﾅﾁｭﾗﾙ,,,,701185
S701185D01001,ﾌﾟﾗｲﾑﾎﾟﾘﾌﾟﾛ E-150GK ﾅﾁｭﾗﾙ,pp ﾌﾟﾗｲﾑﾎﾟ,kg,,701185
S701185D01002,ﾌﾟﾗｲﾑﾎﾟﾘﾌﾟﾛ J715M ﾅﾁｭﾗﾙ,pp ﾌﾟﾗｲﾑﾎﾟ,kg,,701185
S701185D01010,日本ﾎﾟﾘﾌﾟﾛ ｳｪｲﾏｯｸｽ EX8000（PP）,pp JPP,kg,,701185
S701185D01011,東洋ｽﾁﾚﾝ E640N,,kg,,701185
S701185D01012,ﾆﾎﾝA＆L 透明ABS ST-101,,kg,,701185
S701185D01013,東洋ｽﾁﾚﾝ EX7,,kg,,701185
S701185D01101,3Mｼﾞｬﾊﾟﾝ THV221GZ,,kg,,701185
S701185D01102,3MﾀｲﾆｵﾝTHV221GZ（50kg以上）,,kg,,701185
S701185D01201,ｱｻﾋｶｾｲ ｱｻｸﾘﾝNEWEX,,,,701185
S701185D01301,ｱｻﾋｶｾｲ ｽﾀｲﾗｯｸAS783 R5802 500kg未満,ｽﾀｲﾗｯｸ,kg,,701185
S701185D01302,ｱｻﾋｶｾｲ ｽﾀｲﾗｯｸAS783 R5802 500以上,ｽﾀｲﾗｯｸ,kg,,701185
S701185D01401,ﾐﾂｲﾃﾞｭﾎﾟﾝ ｱﾙｸﾘﾝ J2060W,ｱﾙｸﾘﾝ j206,kg,,701185
S701185D01501,ｱﾛﾝｶｾｲ AR-5393B3 25kg,TPS,kg,kg,701185
S701185D01601,ｱﾛﾝｶｾｲ GB-4 25kg,TPS,kg,kg,701185
S701185D01701,ｱﾛﾝｶｾｲ ｴﾗｽﾄﾏｰ AR-731N 100kg未満,AR-731N,kg,kg,701185
S701185D01702,ｱﾛﾝｶｾｲ ｴﾗｽﾄﾏｰ AR-731N 100kg以上,AR-731N,kg,kg,701185
S701185D01801,ｱﾛﾝｶｾｲ ｴﾗｽﾄﾏｰ AR-741N 100kg未満,AR-741N,kg,kg,701185
S701185D01901,ｱﾛﾝｶｾｲ ｴﾗｽﾄﾏｰ AR-750N 100kg未満,AR-750N,kg,kg,701185
S701185D01902,ｱﾛﾝｶｾｲ ｴﾗｽﾄﾏｰ AR-750N 100kg以上,AR-750N,kg,kg,701185
S701185D01903,ｱﾛﾝｶｾｲ ｴﾗｽﾄﾏｰ AR-750N 1000kg以上,AR-750N,kg,kg,701185
S701185D02001,ｱﾛﾝｶｾｲ ｴﾗｽﾄﾏｰ AR-815C 100kg未満,AR-815C,kg,kg,701185
S701185D02002,ｱﾛﾝｶｾｲ ｴﾗｽﾄﾏｰ AR-815C 100kg以上,AR-815C,kg,kg,701185
S701185D02101,ｱﾛﾝｶｾｲ ｴﾗｽﾄﾏｰ AR-830C,AR-830C,kg,kg,701185
S701185D02201,ｱﾛﾝｶｾｲ ｴﾗｽﾄﾏｰ AR-850C (100kg未満),AR-850C,kg,kg,701185
S701185D02202,ｱﾛﾝｶｾｲ ｴﾗｽﾄﾏｰ AR-850C (100kg以上),AR-850C,kg,kg,701185
S701185D02301,ｱﾛﾝｶｾｲ ｴﾗｽﾄﾏｰ AR-DM-30N 100kg未満,AR-DM-30N,kg,kg,701185
S701185D02401,ｱﾛﾝｶｾｲ ｴﾗｽﾄﾏｰ AR-DM-50N 100kg未満,AR-DM-50N,kg,kg,701185
S701185D02402,ｱﾛﾝｶｾｲ ｴﾗｽﾄﾏｰ AR-DM-50N 100kg以上,AR-DM-50N,kg,kg,701185
S701185D02501,ｱﾛﾝｶｾｲ ｴﾗｽﾄﾏｰ AR-SC-0,AR-SC-0,kg,kg,701185
S701185D02601,ｱﾛﾝｶｾｲ ｴﾗｽﾄﾏｰ AR-SC-15,AR-SC-15,kg,kg,701185
S701185D02701,ｱﾛﾝｶｾｲ ｴﾗｽﾄﾏｰ AR-SC-45,AR-SC-45,kg,kg,701185
S701185D02711,ｱﾛﾝｶｾｲ ｴﾗｽﾄﾏｰ AR-SC-65,AR-SC-65,kg,kg,701185
S701185D03001,ｵｶﾀﾞｴﾝｼﾞﾆｱﾘﾝｸﾞ ｶﾞﾑｾﾝ ARX-550,ARX-550,kg,kg,701185
S701185D03101,ｵｶﾀﾞｴﾝｼﾞﾆｱﾘﾝｸﾞ ｶﾞﾑｾﾝ ARX-650,ARX-650,kg,kg,701185
S701185D03201,ﾆﾎﾝA&L ｸﾗﾗｽﾁｯｸ AEX-1897 PWO66ｸﾞﾚｰ,,kg,kg,701185
S701185D03301,ﾆﾎﾝA&L ｸﾗﾗｽﾁｯｸ AN-490 901 ﾌﾞﾗｯｸ,,kg,kg,701185
S701185D03401,ﾆﾎﾝA&L ｸﾗﾗｽﾁｯｸ AN-490 PH123 ｸﾞﾚｰ,,kg,kg,701185
S701185D03501,ﾆﾎﾝA&L ｸﾗﾗｽﾁｯｸ GA-704 N,,kg,kg,701185
S701185D03601,ﾆﾎﾝA&L ｸﾗﾗｽﾁｯｸ SR ﾅﾁｭﾗﾙ 300kg未満,ｸﾗﾗｽﾁｯｸ SR,,,701185
S701185D03701,ﾆﾎﾝA&L ｸﾗﾗｽﾁｯｸ SR ｸﾛ,ｸﾗﾗｽﾁｯｸ SR,,,701185
S701185D03801,ﾆﾎﾝA&L ｸﾗﾗｽﾁｯｸ ST-600 ICE,,kg,kg,701185
S701185D03901,ﾀｶﾊﾗｶｶﾞｸ  MAX 1180K,mb ﾏx 1180,kg,,701185
S701185D04001,ﾀｶﾊﾗｶｶﾞｸ  MAX 5070K,,kg,,701185
S701185D04101,ﾀｹﾊﾗｶｶﾞｸ  MAX 2070T,,,,701185
S701185D04201,ﾀｹﾊﾗｶｶﾞｸ  MAX 2080K,,,,701185
S701185D04301,ﾆﾎﾝA&L ﾀﾌﾄﾚｰｽ C10,ﾀﾌﾄﾚｰｽ  C1,,,701185
S701185D04401,ﾌﾟﾗｲﾑﾎﾟﾘﾏｰ ﾊｲｾﾞｯｸｽ6300M,,kg,kg,701185
S701185D04501,ﾐﾂｲﾃﾞｭﾎﾟﾝ ｴﾊﾞﾌﾚｯｸｽ EV40LX,,ｋｇ,ｋｇ,701185
S701185D04502,ﾐﾂｲﾃﾞｭﾎﾟﾝ ｴﾊﾞﾌﾚｯｸｽ EV170,,ｋｇ,ｋｇ,701185
S701185D04503,ﾐﾂｲﾃﾞｭﾎﾟﾝ ｴﾊﾞﾌﾚｯｸｽ EV260,,ｋｇ,ｋｇ,701185
S701185D04504,ﾐﾂｲﾃﾞｭﾎﾟﾝ ｴﾊﾞﾌﾚｯｸｽ V421,,ｋｇ,ｋｇ,701185
S701185D04601,ﾐﾂｲﾃﾞｭﾎﾟﾝ ｴﾊﾞﾌﾚｯｸｽ EV460,EVA,kg,kg,701185
S701185D04701,ﾐﾂｲﾃﾞｭﾎﾟﾝ ｴﾊﾞﾌﾚｯｸｽ EVA V-5401,,kg,kg,701185
S701185D04801,ﾐﾂｲﾃﾞｭﾎﾟﾝ ｴﾊﾞﾌﾚｯｸｽ EVA V-5961,EVAFLEX EV,kg,kg,701185
S701185D04901,ﾐﾂｲﾃﾞｭﾎﾟﾝ ｴﾊﾞﾌﾚｯｸｽ V523,,kg,kg,701185
S701185D05001,ﾆﾎﾝﾐﾗｸﾄﾗﾝ ﾐﾗｸﾄﾗﾝ E390EOBA,,,,701185
S701185D05101,ﾆﾎﾝﾐﾗｸﾄﾗﾝ ﾐﾗｸﾄﾗﾝ E390P NAT,,,,701185
S701185D05201,ﾆﾎﾝﾐﾗｸﾄﾗﾝ ﾐﾗｸﾄﾗﾝU375PJBE ｸﾞﾚｰ,ﾊﾟｰﾙｾﾝU375,,,701185
S701185D05301,ﾘｹﾝ LQR7466N ｹﾞﾙ,,,,701185
S701185D05401,ﾐﾂｲﾃﾞｭﾎﾟﾝ EVA-P1403,,,,701185
S701185D05402,ﾐﾂﾋﾞｼｶｶﾞｸ ｻｰﾓﾗﾝ3655N,,kg,kg,701185
S701185D05501,7206 LGY4(181) ﾗｲﾄｸﾞﾚｰ,,,,701185
S701185D05601,7206 WH00 (軟)非鉛(旧7822WH02),,,,701185
S701185D05701,BBG0171C 12-0696ｸﾛ 3,,,,701185
S701185D05801,BBV0087B 12-0016ｸﾛ*,,,,701185
S701185D05901,BBV0154A 23-1039 赤･,,,,701185
S701185D06001,BBV0154A 25-1101 黄･,,,,701185
S701185D06101,BBV0154A 25-1429ｸﾘｰﾑ･,,,,701185
S701185D06201,BBV0154A 27-1139 青 ･,,,,701185
S701185D06301,BBV0318A 26-1298ｸﾞﾘｰﾝ･,,,,701185
S701185D06401,BBV0382A 12-0016ｸﾛ,,,,701185
S701185D06501,BBV1289A 11-1826(ｵﾌﾎﾜｲﾄ),BBV1289A,kg,,701185
S701185D06601,BCV9722N 10-1714 ﾌﾞﾙｰﾄｰﾒｰ ･,,,,701185
S701185D06701,BDG0003A 28-1081ﾌﾞﾗｳﾝ,,,,701185
S701185D06801,BML9779N 22-1873ﾗｲﾄｸﾞﾚｰ,,,,701185
S701185D06901,BVV0643B 12-0018ｸﾛ･,,,,701185
S701185D07001,BVV0643C 12-0018 ｸﾛ,,,,701185
S701185D07101,BZV7280N 12-0013 ｸﾛ,,,,701185
S701185D07201,D456 BR14,,,,701185
S701185D07301,D456 LBR25,,,,701185
S701185D07401,D456 WH14(#20)ｱｲﾎﾞﾘｰ(硬),,,,701185
S701185D07501,DYNARON 1320P,,,,701185
S701185D07601,EBH0108A 89-1043 ｸﾛ,,,,701185
S701185D07701,EX215 WUA2094B,,,,701185
S701185D07801,FC60DA GY3 (7822),,,,701185
S701185D07901,FC60DA W 7822 (FE60MA W2),,,,701185
S701185D08001,HE3422 BK01(B),,,,701185
S701185D08101,MC1-21-13487 ﾌﾞﾙｰ,,,,701185
S701185D08201,MC2-24-12957 ﾌﾞﾗｳﾝ(5.5),MC2-24-129,,,701185
S701185D08301,MC加工 2-22-16332,,,,701185
S701185D08401,MC加工 9-25-5964,,,,701185
S701185D08501,NCL AN4213C,,,,701185
S701185D08601,NS-1613 22-0287 ｸﾞﾚｰ,,,,701185
S701185D08701,NS-1613 81-0586 ｼﾛ,,,,701185
S701185D08801,NS-1613 85-0515 ｱｲﾎﾞﾘ,,,,701185
S701185D08901,RE-3332 35-0902 黄,,,,701185
S701185D09001,RE-3332 42-0414 黒･,,,,701185
S701185D09101,RE-3332 94-0676 ﾋﾟﾝｸ,,,,701185
S701185D09201,RE-3454 46-0099ｸﾞﾘｰﾝ,,,,701185
S701185D09301,RE-3845 40-1207ｸﾛﾄｰﾒ,,,,701185
S701185D09401,S2208 DBR,,,,701185
S701185D09501,S2208 W5 (#20),,,,701185
S701185D09601,S-40SN,,,,701185
S701185D09701,SE-3A CPS1018A ｱｲﾎﾞﾘｰ 美唄,,,,701185
S701185D09801,SE-3A FPS1034A ｳｽﾁｬ 美唄,,,,701185
S701185D09901,TN-4151 12-0013ｸﾛ,,,,701185
S701185D10001,TN-4453 10-0004 透明,,,,701185
S701185D10101,TPO No.578 素材,,,,701185
S701185D10201,TPO ｻｰﾘﾝｸ SL-3160 (使用ｼﾅｲ),,,,701185
S701185D10301,VP-1 4-28-13104(ｸﾞﾚｰ)Kﾏｯｸ,,,,701185
S701185D10401,YT346 KI NP,,,,701185
S701185D10501,YT-346 LA3940,,,,701185
S701185D10601,ｱﾛﾝｶｾｲ ｴﾗｽﾄﾏｰ AR-SC-75,AR-SC-75,kg,kg,701185
S701185D10701,HB332R,HB332R,kg,kg,701185
S701185D10702,BJS‐MU,BJS-MU,kg,kg,701185
S701185D10801,ｹﾞﾙ･ｸﾞﾘｰﾝ+（ﾌﾟﾗｽ）1Lﾎﾞﾄﾙ,,kg,kg,701185
S701185D10901,UMG AES WH50 一般着色 白,,kg,kg,701185
S701185D11001,RS72　0.7㎜1100㎜幅×2000m巻,,ｍ,,701185
S701185D11002,RS82　0.7㎜1050㎜幅×2000m巻,,ｍ,,701185
S701185D11101,Pﾀﾙｸ（竹原化学工業／稲畑産業）20㎏,,kg,,701185
S701185H00101,ｸﾞﾗﾏｲﾄﾞ T-663G30(黒),ｸﾞﾗﾐﾄﾞﾏｲﾄﾞ,kg,,701185
S701185I00201,AR-SC-15,AR-SC-15,ｋｇ,ｋｇ,701185
S701185I00202,AR-SC-65,AR-SC-65,ｋｇ,ｋｇ,701185
S701185I00301,BBG0258A 16-1532 ﾓｽｸﾞﾘｰﾝ　I,BBG0258A,ｋｇ,ｋｇ,701185
S701185I00302,BBG0258A 18-2387 ﾍﾞｰｼﾞｭ I,BBG0258A 1,kg,,701185
S701185I00303,BBG0258A 12-0016 ｸﾛ I,BBG0258A 1,kg,,701185
S701185I00304,BBG0258A 29-1641 ｶｰｷｰ I,1641ｶｰｷｰ,ｋｇ,ｋｇ,701185
S701185I00401,BBL0339A　I　注文時単価確認,BBL0339,ｋｇ,ｋｇ,701185
S701185I00501,XBBL0497A 29-1713 ﾀﾞｰｸｸﾞﾚｰ　I X,BBL0497A,ｋｇ,ｋｇ,701185
S701185I00502,BBL0497A 22-2347 ｸﾞﾚｰ　I,BBL0497A,ｋｇ,ｋｇ,701185
S701185I00503,BBL0497A 29-1713 ﾀﾞｰｸｸﾞﾚｰ　I,BBL0497A,ｋｇ,ｋｇ,701185
S701185I00601,BBV0142A　I　注文時単価確認,BBV0142,ｋｇ,ｋｇ,701185
S701185I00701,BBV0382A 12-0016 黒　I,BBV0382,ｋｇ,ｋｇ,701185
S701185I00801,BBV0566A　I,BBV0566A,ｋｇ,ｋｇ,701185
S701185I00901,BZG0143A 20-9274 ﾒﾀﾘｯｸ(P17ｻｲﾄﾞﾃｰﾌﾟ)I,BZG0143,ｋｇ,ｋｇ,701185
S701185I00902,BZG0143A 29-1713 ﾀﾞｰｸｸﾞﾚｰ A95度 I,BZG0143A,ｋｇ,ｋｇ,701185
S701185I01001,BZG9875T 10-7415 ｵﾚﾝｼﾞﾒﾀ　I,BZG9875T,ｋｇ,ｋｇ,701185
S701185I01002,BZG9875T 10-7877 ﾊﾟｰﾙﾌﾞﾗｳﾝ　I,BZG9875T,Ｋｇ,ｋｇ,701185
S701185I01003,BZG9875T 10-7883 ﾒﾀﾘｯｸﾌﾞﾗｳﾝ　I,BZG9875T,ｋｇ,ｋｇ,701185
S701185I01004,BZG9875T 10-8420 ﾛｰｽﾞﾋﾟﾝｸ　I,BZG9875T,ｋｇ,ｋｇ,701185
S701185I01005,BZG9875T 10-8632 ﾒﾀﾘｯｸｸﾞﾘｰﾝ　I,BZG9875T,ｋｇ,ｋｇ,701185
S701185I01006,BZG9875T 10-8635 ﾒﾀﾘｯｸｷﾐﾄﾞﾘ　I,BZG9875T,ｋｇ,ｋｇ,701185
S701185I01007,BZG9875T 10-8730 ﾒﾀﾘｯｸﾌﾞﾙｰ　I,BZG9875T,ｋｇ,ｋｇ,701185
S701185I01008,BZG9875T 10-8735 ﾒﾀﾘｯｸﾌﾞﾙｰ I,BZG9875T,kg,,701185
S701185I01009,BZG9875T 10-9438 ﾑﾗｻｷﾒﾀ I,BZG9875T,kg,,701185
S701185I01010,BZG9875T 12-0014 ｸﾛ　I,BZG9875T,ｋｇ,ｋｇ,701185
S701185I01011,BZG9875T 12-2232 ｸﾞﾚｰ　I,BZG9875T,ｋｇ,ｋｇ,701185
S701185I01012,BZG9875T 16-1535 ｸﾞﾘｰﾝ I,BZG9875T,kg,,701185
S701185I01013,BZG9875T 18-2383 ﾁｬ　I,BZG9875T,ｋｇ,ｋｇ,701185
S701185I01014,BZG9875T 18-2584 ﾁｬ I,BZG9875T,ｋｇ,ｋｇ,701185
S701185I01015,BZG9875T 10-7347 ｱｶﾒﾀﾘｯｸ　I,BZG9875T,ｋｇ,ｋｇ,701185
S701185I01016,BZG9875T 10-8717 ｱｵﾒﾀﾘｯｸ I,BZG9875T,ｋｇ,ｋｇ,701185
S701185I01017,BZG9875T 11-1640 ｼﾛ I,BZG9875T,ｋｇ,ｋｇ,701185
S701185I01018,BZG9875T 18-2707 ﾀﾞｰｸﾌﾞﾗｳﾝ,BZG9875T,ｋｇ,ｋｇ,701185
S701185I01019,BZG9875T 15-2195 ｼﾄﾗｽｲｴﾛｰ,BZG9875T,ｋｇ,ｋｇ,701185
S701185I01020,BZG9875T 17-1683 ﾌﾞﾙｰｸﾞﾚｰ,BZG9875T,ｋｇ,ｋｇ,701185
S701185I01101,ENGAGE7447,ENGAGE7447,ｋｇ,ｋｇ,701185
S701185I01201,EVA EV260,EVA,ｋｇ,ｋｇ,701185
S701185I01202,EVA EV460,EVA,ｋｇ,ｋｇ,701185
S701185I01203,EVAFREX EV45LX 次回価格確認,EVAFREX,ｋｇ,ｋｇ,701185
S701185I01301,HM(ﾊｲﾐﾗﾝ) 1707,HM(ﾊｲﾐﾗﾝ),ｋｇ,ｋｇ,701185
S701185I01401,KBC0983A 38-3466 ﾌﾞﾗｳﾝ I,KBC0983A,ｋｇ,ｋｇ,701185
S701185I01501,KBC8586P 38-2511 ｺｽﾓﾌﾞﾗｯｸ I,KBC8596N,ｋｇ,ｋｇ,701185
S701185I01502,KBC8586P 38-3288 ﾌﾞﾗｳﾝ,KBC8596N,ｋｇ,ｋｇ,701185
S701185I01601,KBC8586Q 38-3288 ﾌﾞﾗｳﾝ,KBC8596N,ｋｇ,ｋｇ,701185
S701185I01701,KBC8596N 38-3309ﾁｬ(KBV0329A改良品),KBC8596N,ｋｇ,ｋｇ,701185
S701185I01702,KBC8596N 38-3310ﾗｲﾄﾌﾞﾗｳﾝ(KBV0329A改,KBC8596N,ｋｇ,ｋｇ,701185
S701185I01703,KBC8596N 95-0326ｱｲﾎﾞﾘｰ(KBV0329A改良),KBC8596N,ｋｇ,ｋｇ,701185
S701185I01704,KBC8941N 32-2503 ｸﾞﾚｰ I,KBC8941N,ｋｇ,ｋｇ,701185
S701185I01801,KBV0329A 95-0326 ｱｲﾎﾞﾘｰ　I,KBV0329A,ｋｇ,ｋｇ,701185
S701185I01901,KBV0396A KH-8111 白,,Kｇ,,701185
S701185I02001,KBV9735N 48-1784 ﾁｬ(50kg注文時)　I,KBV9735N,kg,ｋｇ,701185
S701185I02101,KBV9804N 42-0414 ｸﾛ　I,KBV9804N,ｋｇ,ｋｇ,701185
S701185I02201,LN8082 12-0014　I,LN8082,ｋｇ,ｋｇ,701185
S701185I02202,LN8082 25-1420 ﾍﾞｰｼﾞｭ　I,LN8082,ｋｇ,ｋｇ,701185
S701185I02203,LN8082 85-0558 ｼﾛ (ｸﾚﾄｲｼ製品)　I,LN8082,ｋｇ,ｋｇ,701185
S701185I02301,NS-1613 22-0287 ｸﾞﾚｰ　I,NS-1613,ｋｇ,ｋｇ,701185
S701185I02302,NS-1613 85-0515 ｱｲﾎﾞﾘｰ　I,NS-1613,ｋｇ,ｋｇ,701185
S701185I02401,PEONY WHITE LF-1060,PEONY,ｋｇ,ｋｇ,701185
S701185I02501,RE-3332 94-0676 ﾋﾟﾝｸ(34-4136に変更)I,RE-3332,ｋｇ,ｋｇ,701185
S701185I02511,RE-3153 42-0414 ｸﾛ I,RE-3153,ｋｇ,,701185
S701185I02601,SE855 黒 I,SE855,ｋｇ,ｋｇ,701185
S701185I02701,TR-7069S 45-1343 ﾍﾞｰｼﾞｭ　I,TR-7069S,ｋｇ,ｋｇ,701185
S701185I02702,TR-7069S 95-0342 ｱｲﾎﾞﾘｰ (ｸﾚﾄｲｼ製品)I,TR-7069S,ｋｇ,ｋｇ,701185
S701185I02801,ｶﾘﾊﾞｰ 301-6 SHA02,301-6SHA02,ｋｇ,ｋｇ,701185
S701185I02901,ｻｰﾓﾗﾝ 5013 (ﾌﾟﾛﾃｸﾄｶﾊﾞｰ原料),ｻｰﾓﾗﾝ5013,ｋｇ,ｋｇ,701185
S701185I03001,ｻﾝﾀｯｸ ET-70 ﾅﾁｭﾗﾙ　300kg以上,ｻﾝﾀｯｸET-70,ｋｇ,ｋｇ,701185
S701185I03002,ｻﾝﾀｯｸ ET-70 ﾅﾁｭﾗﾙ　300kg未満,ｻﾝﾀｯｸET-70,ｋｇ,ｋｇ,701185
S701185I03101,ｾﾞﾗｽ T331C ﾅﾁｭﾗﾙ (旧ﾗﾊﾞﾛﾝ),ﾗﾊﾞﾛﾝT331C,ｋｇ,ｋｇ,701185
S701185I03201,ﾃﾌｧﾌﾞﾛｯｸ A1800N (旧ﾌﾟﾘﾏﾛｲ)　I,ﾌﾟﾘﾏﾛｲ A18,kg,,701185
S701185I03202,ﾃﾌｧﾌﾞﾛｯｸ B1800N (旧ﾌﾟﾘﾏﾛｲ)　I,ﾌﾟﾘﾏﾛｲ B18,kg,,701185
S701185I03203,ﾃﾌｧﾌﾞﾛｯｸ B1900NS (旧ﾌﾟﾘﾏﾛｲ)　I,ﾌﾟﾘﾏﾛｲ B19,kg,,701185
S701185I03204,ﾃﾌｧﾌﾞﾛｯｸ C1701N (旧ﾌﾟﾘﾏﾛｲ)　I,ﾌﾟﾘﾏﾛｲ C17,kg,kg,701185
S701185I03301,ﾄﾖﾗｯｸ ABS700(消音樹脂材用),ﾄﾖﾗｯｸ,ｋｇ,ｋｇ,701185
S701185I03401,ﾊﾞｲｵﾏｯｸｽ PTT1002,ﾊﾞｲｵﾏｯｸｽ,ｋｇ,ｋｇ,701185
S701185I03501,ﾌﾟﾗｲﾑﾎﾟﾘﾌﾟﾛ E-150GK（300kg～）,E-150GK,ｋｇ,ｋｇ,701185
S701185I03502,ﾌﾟﾗｲﾑﾎﾟﾘﾌﾟﾛ E-150GK（300kg未満）,E-150GK,ｋｇ,ｋｇ,701185
S701185I03503,ﾌﾟﾗｲﾑﾎﾟﾘﾌﾟﾛ E7000 25～75kg,E7000,ｋｇ,ｋｇ,701185
S701185I03601,ﾓﾃﾞｨｯｸ M502,ﾓﾃﾞｨｯｸ M50,ｋｇ,ｋｇ,701185
S701185I03701,旭化成 ｽﾀｲﾗｯｸAS783 R5802(500kg未満),ｽﾀｲﾗｯｸ,ｋｇ,ｋｇ,701185
S701185I03801,炭ｶﾙ SG-137U 大東納入価格,SG-137U,ｋｇ,ｋｇ,701185
S701185I03802,炭ｶﾙ SG-137U(ﾌﾟﾛﾃｸﾄｶﾊﾞｰ原料),ﾀﾝｶﾙSG-137,ｋｇ,ｋｇ,701185
S701185I03901,ﾚｵｽﾄﾏｰ LE-3160N ｵﾌﾎﾜｲﾄ (6tﾛｯﾄ),ﾚｵｽﾄﾏｰ,kg,kg,701185
S701185I03902,ﾚｵｽﾄﾏｰ LE-3160P 71-1515 ｵﾌﾎﾜｲﾄ,ﾚｵｽﾄﾏｰ,kg,kg,701185
S701185I04001,BZG9875A 12-0014 ｸﾛ　I,BZG9875A,ｋｇ,ｋｇ,701185
S701185I04101,KBC8540N 38-3349 ﾍﾞｰｼﾞｭ(消音非鉛) I,KBC8540N,ｋｇ,袋,701185
S701185I04201,ﾌﾟﾗｲﾑﾎﾟﾘﾏｰ ﾊｲｾﾞｯｸｽ6300M 300kg単価,,kg,kg,701185
S701185I04202,ﾌﾟﾗｲﾑﾎﾟﾘﾏｰ ﾊｲｾﾞｯｸｽ6300M 300kg未満,,kg,kg,701185
S701185K00101,BASF ｴﾗｽﾄﾗﾝC70A11FGｸﾘｱ,,kg,kg,701185
S701185K00102,BASF ｴﾗｽﾄﾗﾝS80A10 ｸﾘｱ,,kg,kg,701185
S701185K00103,BASF ｴﾗｽﾄﾗﾝS80A19MSJ 合計1.5t以上,,kg,kg,701185
S701185K00104,BASF ｴﾗｽﾄﾗﾝC70A11FGｸﾘｱ 合計1.5t以上,,kg,kg,701185
S701185K00110,BASF ｴﾗｽﾄﾗﾝ ﾜｯｸｽﾏｽﾀｰV,,kg,kg,701185
S701185K00111,BASF ｴﾗｽﾄﾗﾝ ﾀｯｸ改良STﾏｽﾀｰ,,kg,kg,701185
S701185K00112,BASF ｴﾗｽﾄﾗﾝ 抗菌BIﾏｽﾀｰ,,kg,kg,701185
S701185K00113,BASFｴﾗｽﾄﾗﾝ抗菌KONZ2969ﾏｽﾀｰ(Ag+）BI2,,kg,kg,701185
S701185K00120,FPU TN121MB25 BLACK,,kg,kg,701185
S701185K00121,FPU TB293MB25 BROWN,,kg,kg,701185
S703026B00101,50LTE-UN　年間0～10t,50LTE-UN,kg,,703026
S703026D00101,膨張黒鉛 50LTE-UN ※ｼﾖｳｼﾅｲ,50LTE-UN,kg,,703026
S703066I00101,FE-788(発泡剤),FE-788,ｋｇ,ｋｇ,703066
S703066I00102,XO-9,XO-9,ｋｇ,ｋｇ,703066
S703066I00103,ｾﾙﾎﾞﾝSC-K,ｾﾙﾊﾞﾝSC-P,ｋｇ,ｋｇ,703066
S703066I00104,ｾﾙﾎﾞﾝSC-P,ｾﾙﾎﾞﾝSC-P,ｋｇ,ｋｇ,703066
S703066I00105,ﾋﾞﾆﾎｰﾙAC#3,ﾋﾞﾆﾎｰﾙAC,ｋｇ,ｋｇ,703066
S704145D00101,NSF：APA-100（太平化学産業）（25㎏～,,kg,25,704145
S704145D00102,NSF:APAｰ100（太平化学産業）(200㎏～,,kg,25,704145
S704145D00201,UMG製ｰABS EX270(黒) 300kg未満,UMGｾｲｰｰABS,kg,,704145
S704145D00301,ｻﾝｱﾛﾏｰPP VB170A,ｻﾝｱﾛﾏｰPP,kg,,704145
S704145D00401,ｾﾛｹﾞﾝBSH-12（第一工業製薬）20kg袋,,kg,20,704145
S704145D00501,ﾀｲｴﾝC=Ⅱ（太平化学産業）（25kg～）,,kg,25,704145
S704145D00502,ﾀｲｴﾝC=Ⅱ（太平化学産業）（300kg～）,,kg,25,704145
S704145D00601,ﾀｲｴﾝE（太平化学産業）（25kg～）,,kg,25,704145
S704145D00602,ﾀｲｴﾝE（太平化学産業）（300kg～）,,kg,25,704145
S704145D00701,ﾀﾞｳｹﾐｶﾙ ENGAGE8540,ﾀﾞｳｹﾐｶﾙ EN,kg,,704145
S704145D00801,ﾀﾞｳｹﾐｶﾙ ENGAGE8100 100㎏以上ロット,ﾀﾞｳｹﾐｶﾙ EN,kg,,704145
S704145D00901,ﾀﾞｳｹﾐｶﾙ ENGAGE8200 100㎏以上ロット,ﾀﾞｳｹﾐｶﾙ EN,kg,,704145
S704145D00902,ﾀﾞｳｹﾐｶﾙ ENGAGE8480 25㎏以上ロット,ﾀﾞｳｹﾐｶﾙ EN,kg,,704145
S704145D01001,ﾀﾞｳｹﾐｶﾙ INFUSE9107 ﾛｯﾄ20kg,ﾀﾞｳｹﾐｶﾙ IN,kg,,704145
S704145D01002,ﾀﾞｳｹﾐｶﾙ INFUSE9107 ﾛｯﾄ100kg以上,ﾀﾞｳｹﾐｶﾙ IN,kg,,704145
S704145D01101,ﾀﾞｳｹﾐｶﾙ INFUSE9507 ﾛｯﾄ20㎏,ﾀﾞｳｹﾐｶﾙ IN,kg,20,704145
S704145D01201,ﾉﾌｱﾛｲTZ-660-7612-BK　20kg,,kg,20,704145
S704145D01301,ﾘｹﾏｽﾀｰ EXR-060,ﾘｹﾏｽﾀｰ ｴxr,kg,,704145
S704145D01401,理研ﾋﾞﾀﾐﾝ ﾘｹﾏｽﾀｰELM-080 ﾛｯﾄ25kg,ﾘｹﾝﾋﾞﾀﾐﾝ ﾘ,kg,,704145
S704145D01501,ｻﾝﾌﾚｯｼｭST-500MPSA(三洋化成工業)20kg,,kg,,704145
S704145D01601,ﾒﾀﾌﾞﾚﾝL-1000,,kg,,704145
S704145I00101,CP/PMC-A192198（ｱｸﾘﾙ/高濃度拡散材入,CP/ PMC,kg,25,704145
S710085D00101,2606 ROHS B(改) 黒,2606 ROHS,Kg,Kg,710085
S710085D00102,F00027 5213(ROHS2)白№4B改(7),f00027 521,kg,kg,710085
S710085I00101,1088(ROHS) 2341 ｸﾞﾚｰ,1088,kg,kg,710085
S710085I00102,2606(ROHS) 黒B改  A,ﾋｶﾘｶｸｻﾝPP,kg,kg,710085
S711076B00701,BBL8874N 29-1713ｸﾞﾚｰ(BBL0497A硬度UP),BBL8874N,ｋｇ,,711076
S711076D00101,ｱﾏﾉﾀｲﾑｶｰﾄﾞ TA(XC専用),ｱﾏﾉﾀｲﾑｶｰﾄﾞ,PC,,711076
S711076D00201,ｱﾏﾉｴｸｾﾛｰﾀﾞ XC2000ﾒﾝﾃﾅﾝｽ清掃,ｱﾏﾉｴｸｾﾛｰﾀﾞ,式,,711076
S711076I00102,APEX-LB ﾅﾁｭﾗﾙ(ﾎﾟﾘｶ)100～1000kg未満,APEX-LB,ｋｇ,,711076
S711076I00201,BBG0171C 12-0696 ｸﾛ3　K,BBG0171C,ｋｇ,ｋｇ,711076
S711076I00301,BBG0258A 27-1259 ﾌﾞﾙｰ K,BBG0258A,ｋｇ,ｋｇ,711076
S711076I00401,BBG8879N 18-2073 ｳｫｰﾙﾅｯﾄ K 単価確認,BBG8879N,ｋｇ,ｋｇ,711076
S711076I00501,BBG8897N 25-2047 ﾍﾞｰｼﾞｭ K 単価確認,BBG8897N,ｋｇ,ｋｇ,711076
S711076I00601,X BBL0497A 29-1713 ﾀﾞｰｸｸﾞﾚｰ K X,BBL0497A,ｋｇ,袋,711076
S711076I00801,BBV0382A 12-0016 ｸﾛ　K 次回単価確認,BBV0382A,ｋｇ,ｋｇ,711076
S711076I00901,BBV0683A 12-2107 ｸﾞﾚｰ　K,BBV0683A,ｋｇ,ｋｇ,711076
S711076I00902,BBV0683A 19-1065 ｸﾞﾚｰ　K,BBV0683A,ｋｇ,ｋｇ,711076
S711076I00903,BBV0683A 19-2025 ｸﾛ　K,BBV0683A,ｋｇ,ｋｇ,711076
S711076I01001,BBV9080N 12-0015 ｸﾛ　K,BBV9080N,ｋｇ,ｋｇ,711076
S711076I01101,BBV9080P 12-0015 ｸﾛ　K,BBV9080P,ｋｇ,ｋｇ,711076
S711076I01201,BBV9794S 11-1127 ｼﾛ K 次回単価確認,BBV9794S,ｋｇ,ｋｇ,711076
S711076I01301,BBV9794S 11-1549 ｼﾛ(軟質ﾚｰﾙｶﾊﾞｰ)K,BBV9794S,ｋｇ,ｋｇ,711076
S711076I01401,BZG9875T 10-7151 ｼﾛﾒﾀﾘｯｸ K,BZG9875T,ｋｇ,ｋｇ,711076
S711076I01402,BZG9875T 10-7156 ｼﾙﾊﾞｰ K,BZG9875T,ｋｇ,ｋｇ,711076
S711076I01403,BZG9875T 10-7341 ﾚｯﾄﾞﾒﾀ K,BZG9875T,ｋｇ,ｋｇ,711076
S711076I01405,BZG9875T 10-7351 ｱｶﾒﾀﾘｯｸ K,BZG9875T,ｋｇ,ｋｇ,711076
S711076I01406,BZG9875T 10-7352 ﾚｯﾄﾞﾒﾀ K,BZG9875T,ｋｇ,ｋｇ,711076
S711076I01407,BZG9875T 10-7414 ｵﾚﾝｼﾞﾊﾟｰﾙ K,BZG9875T,ｋｇ,ｋｇ,711076
S711076I01408,BZG9875T 10-7873 ﾒﾀﾘｯｸﾌﾞﾗｳﾝ K,BZG9875T,ｋｇ,ｋｇ,711076
S711076I01409,BZG9875T 10-7875 ﾁｬﾒﾀ K,BZG9875T,ｋｇ,ｋｇ,711076
S711076I01410,BZG9875T 10-8367 ｼﾙﾊﾞｰ K,BZG9875T,ｋｇ,ｋｇ,711076
S711076I01411,BZG9875T 10-8379 ｼﾙﾊﾞｰﾒﾀﾘｯｸ K,BZG9875T,ｋｇ,ｋｇ,711076
S711076I01412,BZG9875T 10-8380 ｸﾛﾒﾀﾘｯｸ K,BZG9875T,ｋｇ,ｋｇ,711076
S711076I01413,BZG9875T 10-8391 ｸﾛﾒﾀﾘｯｸ　K,BZG9875T,ｋｇ,ｋｇ,711076
S711076I01414,BZG9875T 10-8392 ｼﾙﾊﾞｰﾒﾀﾘｯｸ K,BZG9875T,ｋｇ,ｋｇ,711076
S711076I01415,BZG9875T 10-8396 ｼﾙﾊﾞｰ K,BZG9875T,ｋｇ,ｋｇ,711076
S711076I01416,BZG9875T 10-8420 ﾛｰｽﾞﾋﾟﾝｸ K,BZG9875T,ｋｇ,ｋｇ,711076
S711076I01417,BZG9875T 10-8629 ｸﾞﾘｰﾝﾊﾟｰﾙ　K,BZG9875T,ｋｇ,ｋｇ,711076
S711076I01418,BZG9875T 10-8709 ﾊﾟｰﾙﾌﾞﾙｰ K,BZG9875T,ｋｇ,ｋｇ,711076
S711076I01420,BZG9875T 10-8724 ﾊﾟｰﾙｼﾙﾊﾞｰ K,BZG9875T,ｋｇ,ｋｇ,711076
S711076I01421,BZG9875T 10-8726 ﾌﾞﾙｰﾊﾟｰﾙ K,BZG9875T,ｋｇ,ｋｇ,711076
S711076I01422,BZG9875T 10-8729 ﾒﾀﾘｯｸﾌﾞﾙｰ K,BZG9875T,ｋｇ,ｋｇ,711076
S711076I01423,BZG9875T 10-9210 ｸﾞﾚｰﾒﾀ K,BZG9875T,ｋｇ,ｋｇ,711076
S711076I01424,BZG9875T 10-9432 ﾑﾗｻｷﾒﾀ K,BZG9875T,ｋｇ,ｋｇ,711076
S711076I01425,BZG9875T 10-9433 ﾑﾗｻｷﾒﾀﾘｯｸ K,BZG9875T,ｋｇ,ｋｇ,711076
S711076I01426,BZG9875T 10-9434 ﾑﾗｻｷﾒﾀ K,BZG9875T,ｋｇ,ｋｇ,711076
S711076I01427,BZG9875T 10-9435 ﾑﾗｻｷﾊﾟｰﾙ K,BZG9875T,ｋｇ,ｋｇ,711076
S711076I01428,BZG9875T 10-9436 ｶﾞｰﾈｯﾄﾊﾟｰﾌﾟﾙ　K,BZG9875T,ｋｇ,ｋｇ,711076
S711076I01429,BZG9875T 11-1640 ｼﾛ K,BZG9875T,ｋｇ,ｋｇ,711076
S711076I01430,BZG9875T 12-2232 ｸﾞﾚｰ K,BZG9875T,ｋｇ,ｋｇ,711076
S711076I01501,BZG9875W 10-8724 ﾊﾟｰﾙﾌﾞﾙｰ K,BZG9875W,ｋｇ,ｋｇ,711076
S711076I01601,FCP-770,FCP-770,ｋｇ,ｋｇ,711076
S711076I01701,HZ065,HZ065,ｋｇ,ｋｇ,711076
S711076I01801,HZ082M,HZ082M,ｋｇ,ｋｇ,711076
S711076I01901,X KBC8540N 38-3349 ﾍﾞｰｼﾞｭ X,KBC8540N,ｋｇ,袋,711076
S711076I02001,X KBC8941N 32-2503 ｸﾞﾚｰ K X,KBC8941N,ｋｇ,ｋｇ,711076
S711076I02101,KBV0625A 45-1235 ﾍﾞｰｼﾞｭ　K,KBV0625A,ｋｇ,ｋｇ,711076
S711076I02201,KBV9299N 32-2184 ｸﾞﾚｰ,KBV9299N,ｋｇ,ｋｇ,711076
S711076I02202,KBV9299N 92-0576(42-1813に変更)ｸﾞﾚｰ,KBV9299N,ｋｇ,ｋｇ,711076
S711076I02301,KBV9654N 1099 ｼﾛ　K,KBV9654N,ｋｇ,ｋｇ,711076
S711076I02401,LN-8082 12-0014 ｸﾛ　K,LN-8082,ｋｇ,ｋｇ,711076
S711076I02402,LN-8082 22-1574 ｸﾞﾚｰ　K,LN-8082,ｋｇ,ｋｇ,711076
S711076I02403,LN-8082 85-0558 ｼﾛ　K (使用しない),LN-8082,ｋｇ,ｋｇ,711076
S711076I02404,LN-8082 88-0777 ﾁｬ　K,LN-8082,ｋｇ,ｋｇ,711076
S711076I02405,LN-8083 18-2043 ﾁｬ　K,LN-8083,ｋｇ,ｋｇ,711076
S711076I02501,NS-9696 12-2058 ｸﾞﾚｰ　K,NS-9696,ｋｇ,ｋｇ,711076
S711076I02502,NS-9696 82-0635 ｸﾞﾚｰ　K,NS-9696,ｋｇ,ｋｇ,711076
S711076I02601,PE用M/B 色番:2-21-11226 ﾌﾞﾙｰ,M/Bﾌﾞﾙｰ,ＵＴ,,711076
S711076I02602,PE用M/B 色番:3-14-5981 ｲｴﾛｰ,M/Bｲｴﾛｰ,ＵＴ,,711076
S711076I02603,PE用M/B 色番:3-17-K067 ﾋﾟﾝｸ,M/Bﾋﾟﾝｸ,ＵＴ,,711076
S711076I02604,PE用M/B 色番:3-18-3886 ﾚｯﾄﾞ,M/Bﾚｯﾄﾞ,ＵＴ,,711076
S711076I02605,PE用M/B 色番:3-22-14402 ｸﾞﾘｰﾝ,M/Bｸﾞﾘｰﾝ,ＵＴ,,711076
S711076I02606,PE用M/B 色番:3-23-5520 ﾍﾞｰｼﾞｭ,M/Bﾍﾞｰｼﾞｭ,ＵＴ,,711076
S711076I02701,POG-SCIN 黒 (PE用ﾏｽﾀｰﾊﾞｯﾁ) K,POG-SCIN,ｋｇ,ｋｇ,711076
S711076I02702,POG-SCIN 黒MB F-40G (PE用ﾏｽﾀｰﾊﾞｯﾁ) K,POG-SCIN,ｋｇ,ｋｇ,711076
S711076I02801,QCM230　K,QCM230,ｋｇ,ｋｇ,711076
S711076I02901,QS262D　K,QS262D,ｋｇ,ｋｇ,711076
S711076I03001,RE-3179 42-0147 ｸﾞﾚｰ K,RE-3179,ｋｇ,,711076
S711076I03101,RE-3910 30-0045 ﾄｰﾒｰ(30-2069に変更),RE-3910,ｋｇ,ｋｇ,711076
S711076I03201,S-3000R 赤外線透過ｸﾞﾚｰﾄﾞ K,S-3000R,ｋｇ,ｋｇ,711076
S711076I03301,SRE DJD16 ｱｲﾎﾞﾘｰ　300kg以上 K,SRE DJD16,ｋｇ,,711076
S711076I03401,TN-3352 12-0016 ｸﾛ　K,TN-3352,ｋｇ,ｋｇ,711076
S711076I03501,TR-7069S 49-1143 ｸﾞﾚｰ　K,TR-7069S,ｋｇ,ｋｇ,711076
S711076I03502,TR-7069S 95-0342 ｱｲﾎﾞﾘｰ　K,TR-7069S,ｋｇ,ｋｇ,711076
S711076I03503,TR-7069S 98-0540 ﾁｬ　K,TR-7069S,ｋｇ,ｋｇ,711076
S711076I03601,TR-7376 42-0414 ｸﾛ　K,TR-7376,ｋｇ,ｋｇ,711076
S711076I03701,XHE650N,XHE650N,ｋｇ,ｋｇ,711076
S711076I03801,XHE740N,XHE740N,ｋｇ,ｋｇ,711076
S711076I03901,XHE780N,XHE780N,ｋｇ,ｋｇ,711076
S711076I04001,ｸﾗﾚ LA2250　K,ｸﾗﾚ LA2250,ｋｇ,ｋｇ,711076
S711076I04101,ｸﾗﾚ LA4285　K,ｸﾗﾚ LA4285,ｋｇ,ｋｇ,711076
S711076I04201,ｻﾝﾄﾌﾟﾚｰﾝ 201-55(300kg以上)　K,ｻﾝﾄﾌﾟﾚｰﾝ,ｋｇ,ｋｇ,711076
S711076I04301,ﾊﾟﾗﾍﾟｯﾄ SA1000-FR201(次回単価確認),ﾊﾟﾗﾍﾟｯﾄ,ｋｇ,ｋｇ,711076
S711076I04401,ﾊﾟﾗﾍﾟｯﾄ SA-CW001 K,ﾊﾟﾗﾍﾟｯﾄ,ｋｇ,ｋｇ,711076
S711116I00101,ﾘｹﾝﾃｰﾌﾟ 30x180x100,ﾘｹﾝﾃｰﾌﾟ 30,巻,巻,711116
S712015D00502,ｴﾋﾞｽ 両面ﾃｰﾌﾟ #703 5mmx50m巻(200),ｴﾋﾞｽ ﾘｮｳﾒﾝ,巻,,712015
S712015D00602,ｶﾈﾛﾝ表面保護ﾃｰﾌﾟDSP BE-619 730X100ｸﾘ,ｶﾈﾛﾝ,本,,712015
S712015D01201,ｴﾋﾞｽ #703 12x50m(140),ｴﾋﾞｽﾃｰﾌﾟ #,巻,,712015
S712015D01701,ﾃﾗｵｶ 両面ﾃｰﾌﾟ #773 5x50m(50),ﾃﾗｵｶ ﾘｮｳﾒﾝ,巻,,712015
S712015D01702,日東両面ﾃｰﾌﾟ TW-Y01 13mm x 50m(ﾛｯﾄ64,ﾆｯﾄｳﾘｮｳﾒﾝﾃ,巻,,712015
S712015D01703,日東両面ﾃｰﾌﾟ#501F 13mmx50m巻,ﾆｯﾄｳﾘｮｳﾒﾝﾃ,巻,,712015
S712015D01704,日東両面ﾃｰﾌﾟ＃512 7mmx50m巻(120),ﾆｯﾄｳﾋｶﾞｼﾘｮ,巻,,712015
S712015D01705,両面ﾃｰﾌﾟDIC #8840ER 6mmx50M(160),ﾘｮｳﾒﾝﾃｰﾌﾟﾁ,巻,,712015
S712015D01706,日東両面ﾃｰﾌﾟ TW-Y01 10mm x 50m(ﾛｯﾄ80,ﾆｯﾄｳﾘｮｳﾒﾝﾃ,巻,,712015
S712015D01801,ﾆﾁﾊﾞﾝ布ﾃｰﾌﾟ #102N 黄土 50x25m巻,ﾆﾁﾊﾞﾝﾇﾉﾃｰﾌ,巻,,712015
S712015D03001,日東両面ﾃｰﾌﾟ #501F 10x50m(80),ﾆｯﾄｳﾘｮｳﾒﾝﾃ,巻,,712015
S712015D03101,日東両面ﾃｰﾌﾟ#501F 13mmx50m巻,ﾆｯﾄｳﾘｮｳﾒﾝﾃ,巻,,712015
S712015D03201,日東両面ﾃｰﾌﾟ＃512 7mmx50m巻(120),ﾆｯﾄｳﾋｶﾞｼﾘｮ,巻,,712015
S712015D03301,両面ﾃｰﾌﾟDIC #8840ER 6mmx50M(160),ﾘｮｳﾒﾝﾃｰﾌﾟﾁ,巻,,712015
S712015D03401,大日OPPﾃｰﾌﾟNo.123N70μ48×100m50巻入,OPPﾃｰﾌﾟNo.,巻,,712015
S712015D03501,ﾘｹﾝﾗｯﾌﾟ 30x180 100M巻,ﾆｯﾄｳﾘｮｳﾒﾝﾃ,巻,,712015
S712015D03601,ﾀﾞｲｶﾗｯﾌﾟ KL 500巾×300M巻（6巻入,ﾆｯﾄｳﾘｮｳﾒﾝﾃ,巻,,712015
S712015I00101,日東 SPV-C-200 22x200m巻 透明 32巻,ﾆｯﾄｳSPV-C-,ヶ,,712015
S712015I00102,日東 SPV-C-200 45x100m巻 28巻入り,100ﾏｽｶﾐｺﾝｼ,ヶ,,712015
S712015I00103,日東 SPV-C-200 45x200m巻 12巻入り,100ﾏｽｶﾐｺﾝｼ,ヶ,,712015
S712015I00104,日東 SPV-C-200 17x200m巻 ﾗｲﾄﾌﾞﾙｰ,SPV-C-200,ヶ,,712015
S712015I00105,日東 SPV-C-200 35x200m巻 ﾗｲﾄﾌﾞﾙｰ,SPV-C-200,ヶ,c/s,712015
S712031I00101,E5000C(P)N 50m/巻 15mm幅のり付 Mﾃｰﾌﾟ,E5000(P)N,巻,,712031
S712035K00101,KS-7U（ﾍﾞｰｼﾞｭ）HI(15kg/cs）,KS-7U,kg,,712035
S712035K00203,KT-4RC（ﾍﾞｰｼﾞｭ）（15kg/cs）,KT-4RC,kg,,712035
S712035K00301,ｱｴﾛｼﾞﾙ R972,ｱｴﾛｼﾞﾙ,kg,,712035
S712035K00401,KT-6RC（ﾍﾞｰｼﾞｭ）（15kg/cs）,KT-6RC,kg,,712035
S712035K00402,KT-6RC（ﾅﾁｭﾗﾙ）（15kg/cs）,KT-6RC,kg,,712035
S712035K00403,KT-6RC（ﾚｯﾄﾞ）（15kg/cs）,KT-6RC,kg,,712035
S712035K00501,KT-5RC（ﾅﾁｭﾗﾙ）（15kg/cs）,KT-5RC,kg,,712035
S712035K00601,KT-3RC（ﾅﾁｭﾗﾙ）（15kg/cs）,KT-3RC,kg,,712035
S712035K00602,KT-3RC（ﾋﾟﾝｸ）（15kg/cs）,KT-3RC,kg,,712035
S712035K00701,KT-1C（ﾅﾁｭﾗﾙ）（15kg/cs）,KT-1C,kg,,712035
S712035K00801,KT-4R（ﾍﾞｰｼﾞｭ）（15kg/cs）,KT-4R,kg,,712035
S712035K00901,KT-3R（ﾀﾞｰｸﾌﾞﾗｳﾝ）（15kg/cs）,KT-3R,kg,,712035
S712035K01001,KT-6C（ﾌﾞﾗｳﾝ）（15kg/cs）,KT-6C,kg,,712035
S712035K01101,KS-4.5U（ｵﾚﾝｼﾞ）（15kg/cs）,KS-4.5U,kg,,712035
S712035K01201,KS-5U（ﾋﾟﾝｸ）（15kg/cs）,KS-4.5U,kg,,712035
S712035K01301,KT-4.5U（ｵﾚﾝｼﾞ）（15kg/cs）,KT-4.5U,kg,,712035
S712035K01401,KT-7RU（ﾍﾞｰｼﾞｭ）（15kg/cs）,KT-7RU,kg,,712035
S712035K01501,KS-15U（ﾚｯﾄﾞ）（9kg/cs）,KS-15U,kg,,712035
S712035K01601,SX-100（ヤスハラケミカル）,,kg,,712035
S712035K10001,KTﾌｨﾙﾑ幅1500×50m巻き（13μ）,,m,,712035
S712035K10002,KTﾌｨﾙﾑ幅1500×50m巻き（50μ）,KTﾌｨﾙﾑ,m,,712035
S714081D00101,ｺﾆｼﾎﾞﾝﾄﾞﾃｰﾌﾟWF017 20mmx50m(60),ｺﾆｼﾎﾞﾝﾄﾞﾃｰ,巻,,714081
S714116I00101,ﾃｻﾃｰﾌﾟ No.60980(18mm×100m),ﾃｻﾃｰﾌﾟ,巻,,714116
S714116I00102,ﾃｻﾃｰﾌﾟ No.68614 38mm×50m(三洋ｽﾍﾟｰｻ),ﾃｻﾃｰﾌﾟ,巻,,714116
S720096I00101,A-2330-S02　S,A-2330,ｋｇ,,720096
S720096I00201,AFTJ61-T1 ﾌﾞﾗｳﾝ(艶消し) S,AFTJ-T1,ｋｇ,,720096
S720096I00301,EH551-S1 ﾌﾞﾗｯｸ　S,EH551-S1,ｋｇ,,720096
S720096I00302,EH591-N1 ｸﾞﾚｰ　S,EH591-N1,ｋｇ,,720096
S720096I00303,EH591-W1 ﾎﾜｲﾄ　S,EH591-W1,ｋｇ,,720096
S720096I00401,EK-7103 ﾌﾞﾗｯｸ　S,EK-7103,ｋｇ,,720096
S720096I00501,GR1000B GF60 ﾊﾟﾗﾍﾟｯﾄ S,GR1000B,ｋｇ,ｋｇ,720096
S720096I00601,MA-RM ES550 ﾌﾞﾗｳﾝ 31㎜押縁,MA-RMｱｸﾘﾙ,ｋｇ,ｋｇ,720096
S720096I00701,MA-RM SK190K-4 ﾌﾞﾗｯｸ 31㎜押縁,MA-RMｱｸﾘﾙ,ｋｇ,ｋｇ,720096
S720096I00801,MA-RM SKﾎﾜｲﾄ(ｱｸﾘﾙ),MA-RMｱｸﾘﾙ,ｋｇ,ｋｇ,720096
S720096I00901,MA-T SK450(B)ﾘｰｾﾝﾄｼﾙﾊﾞｰ　S,ﾘｰｾﾝﾄｼﾙﾊﾞｰ,ｋｇ,,720096
S720096I01001,OPM-9T1964 ﾌﾞﾗｳﾝ(ﾌﾞﾘｯｸﾚｯﾄﾞ) 31㎜押縁,MA-RMｱｸﾘﾙ,ｋｇ,ｋｇ,720096
S720096I01101,PVCｻｯｼ粉砕品,PVCｻｯｼﾌﾝｻｲ,ｋｇ,,720096
S720096I01201,SE4546-S1　S,SE4546-S1,ｋｇ,袋,720096
S720096I01301,SE4546-W1　S,SE4546-W1,ｋｇ,袋,720096
S720096I01401,ｸﾘｰﾐｰﾎﾜｲﾄ SE4528-W1,ﾓｸﾒﾊｲｺﾞｳｻﾞ,ｋｇ,ｋｇ,720096
S720096I01501,ｸﾘｰﾐｰﾎﾜｲﾄ SE4529-T1,ﾓｸﾒﾊｲｺﾞｳｻﾞ,ｋｇ,ｋｇ,720096
S720096I01601,ｻﾝﾄﾌﾟﾚｰﾝ 101-55　S,ｻﾝﾄﾌﾟﾚｰﾝ,ｋｇ,,720096
S720096I01701,ｼﾙﾊﾞｰｼｰﾄ(L-LDPEﾘﾆｱﾎﾟﾘ)0.05*1350*200m,ｼﾙﾊﾞｰｼｰﾄ,巻,,720096
S720096I01801,ﾌﾟﾛﾃｸﾄﾃｰﾌﾟ(養生ﾃｰﾌﾟ) 青 20mmx500m,ﾌﾟﾛﾃｸﾄﾃｰﾌﾟ,巻,,720096
S720096I01901,木目配合剤原料 ｳｫｰﾙﾅｯﾄ,ﾓｸﾒﾊｲｺﾞｳｻﾞ,ｋｇ,ｋｇ,720096
S720096I01902,木目配合剤原料 ｸﾘｰﾐｰﾎﾜｲﾄ,ﾓｸﾒﾊｲﾄﾞｳﾊｲ,ｋｇ,ｋｇ,720096
S720096I01903,木目配合剤原料 ｼﾗｷ,ﾓｸﾒﾊｲｺﾞｳｻﾞ,ｋｇ,ｋｇ,720096
S720096I01904,木目配合剤原料 ﾁｪﾘｰ,ﾓｸﾒﾊｲｺﾞｳｻﾞ,ｋｇ,ｋｇ,720096
S720096I02001,木目原料 WE6352 B20UN1B ｳｫｰﾙﾅｯﾄ,ｳｫｰﾙﾅｯﾄ,ｋｇ,ｋｇ,720096
S720096I02002,木目原料 HE9813 DB60UN1S ｳｫｰﾙﾅｯﾄ,ｳｫｰﾙﾅｯﾄ,ｋｇ,ｋｇ,720096
S720096I02101,SE151W-W1　S,SE151W,ｋｇ,,720096
S720096I02201,SE4553-S1 ｽﾁｰﾙﾌﾞﾗｯｸ,,ｋｇ,,720096
S720096I02301,SE4585-N1 ｸﾞﾚｰ,,ｋｇ,,720096
S720156I00101,両面接着ﾃｰﾌﾟ 9mmx20㎜ No.500(ｼｬﾉﾝ),YBﾊﾞﾝﾄﾞ,梱包,,720156
S720156I00102,ﾃｻ製ﾃｰﾌﾟ No.60980(18mm×200m),ﾃｰﾌﾟ,巻,,720156
S720156I00103,ﾃｻ両面ﾃｰﾌﾟ 38mm×50m(三洋ｽﾍﾟｰｻｰ用),ﾃｰﾌﾟ,個,,720156
S720156I00104,日東 両面ﾃｰﾌﾟ 507 10mmx100m,ﾃｰﾌﾟ,巻,,720156
S720156I00105,日東 両面ﾃｰﾌﾟNo.507 18mmx200m,ﾃｰﾌﾟ,巻,,720156
S720156I00301,SPｸﾗﾌﾄﾃｰﾌﾟ 504NS,ｸﾗﾌﾄﾃｰﾌﾟ,個,,720156
S720156I00302,tesaOPP No.4260 透明,ﾃｰﾌﾟ,個,,720156
S720156I00303,ｷｸｽｲ ﾊﾟｰﾙﾃｰﾌﾟ 茶 48*100,ﾃｰﾌﾟ,個,,720156
S720156I00304,ﾄﾘｵｸﾗﾌﾄﾃｰﾌﾟ POS#7170 50x50,ｸﾗﾌﾄﾃｰﾌﾟ,個,,720156
S720156I00305,ﾄﾘｵﾃｰﾌﾟ･POS 50×50,ﾄﾘｵﾃｰﾌﾟ,個,,720156
S720156I00306,菊水OPPﾃｰﾌﾟ 透明 48*100,ﾃｰﾌﾟ,個,,720156
S720156I00307,布ﾃｰﾌﾟ 日東＃757,ﾃｰﾌﾟ,個,,720156
S720156I00401,SKﾃｰﾌﾟ #200 黄,SKﾃｰﾌﾟ,巻,,720156
S720156I00402,SKﾃｰﾌﾟ #200 赤,SKﾃｰﾌﾟ,巻,,720156
S720156I00403,SKﾃｰﾌﾟ #200 白,SKﾃｰﾌﾟ,巻,,720156
S720156I00404,ｿﾌﾄﾗｲﾝ #1500　白,ｿﾌﾄﾗｲﾝ,巻,,720156
S720156I00501,YBﾊﾞﾝﾄﾞ 透明 15×2500,YBﾊﾞﾝﾄﾞ,巻,,720156
S720156I00502,ｻﾝﾊﾞﾝﾄﾞ 透明,ｻﾝﾊﾞﾝﾄﾞ,巻,,720156
S720156I00801,ｽﾄﾚｯﾁﾌｨﾙﾑ 0.17*500*300,ｽﾄﾚｯﾁﾌｨﾙﾑ,本,,720156
S720156I00802,ｽﾄﾚｯﾁﾌｨﾙﾑ EK0.15*500*300,ｽﾄﾚｯﾁﾌｨﾙﾑ,本,,720156
S720235D00101,2128-70度 ﾊﾟｰﾌﾟﾙ/25kgx13kgx1,2128-70ﾄﾞ,,,720235
S720235D00102,2128-70度 ﾊﾟｰﾌﾟﾙ/25kgx93kgx1,2128-70ﾄﾞ,,,720235
S720235D00201,25-100A 黒 *,,,,720235
S720235D00301,25-100ﾌﾞﾙｰ,,,,720235
S720235D00401,25-120 灰 ･,,,,720235
S720235D00501,25-150 ｸﾞﾚｰ,,,,720235
S720235D00601,25-60 ﾗｲﾄｸﾞﾚｰ,,,,720235
S720235D00701,25-80 F2 黒 *,,,,720235
S720235D00801,25-80 非移行 ﾍﾞｰｼﾞｭ,,,,720235
S720235D00901,25-90 非移行 ｸﾞﾚｰ *,,,,720235
S720235D01001,25-95 ﾗｲﾄｸﾞﾚｰ,,,,720235
S720235D01101,25-FE55 黒,,,,720235
S720235D01201,40-150,,,,720235
S720235D01301,40-150SE 2013ｵﾚﾝｼﾞ,,,,720235
S720235D01302,40-150SE 2013（レッド）（LOT:167kg）,(ﾚｯﾄﾞ),,,720235
S720235D01401,40-150SE ｲｴﾛｰ,,,,720235
S720235D01501,40-150SE（ﾌﾞﾗｯｸ）,,,,720235
S720235D01601,6-21-22933 ﾌﾞﾙｰ,6-21-22933,ut,,720305
S720235D01701,CA-100 ﾌﾞﾙｰ (非鉛),,,,720235
S720235D01801,CA-100 黒 (非鉛) ･,,,,720235
S720235D01901,EN-50 非鉛-90A,ｴn-50 ﾋｴﾝﾋ,kg,,720235
S720235D02001,OT-1005D ｸﾞﾚｰ (400㎏以上),,,,720235
S720235D02101,OT-161 ｵﾚﾝｼﾞ (400KG未満),,,,720235
S720235D02202,OT-166P ﾚﾓﾝｲｴﾛｰ 400KG～,,kg,,720235
S720235D02203,OT-166P ﾚﾓﾝｲｴﾛｰ 400KG未満,,kg,,720235
S720235D02301,OT-200D ｲｴﾛｰ (400㎏以上),,,,720235
S720235D02401,OT-2128 ﾊﾟｰﾌﾟﾙ,OT-2128ﾊﾟｰ,,,720235
S720235D02501,OT-213 ｸﾞﾘｰﾝ,,,,720235
S720235D02601,OT-300D ｱｲﾎﾞﾘｰ (400㎏以上),,,,720235
S720235D02701,OT-3721 ﾀﾞｰｸﾌﾞﾙｰ,,,,720235
S720235D02901,OT-3722P ｱｲﾎﾞﾘｰﾎﾜｲﾄ,,,,720235
S720235D02902,OT-3722P ｱｲﾎﾞﾘｰﾎﾜｲﾄ 400kg～,,,,720235
S720235D03001,OT-3723P ｸﾞﾚｰ,,,,720235
S720235D03101,OT-400P ﾌﾞﾗｳﾝ (400㎏未満)*,,,,720235
S720235D03201,OT-500T 黒 (400㎏未満)*,,,,720235
S720235D03301,OT-5B ｲｴﾛｰ (400㎏未満),,,,720235
S720235D03401,OT-6B ｱｲﾎﾞﾘｰ (400㎏未満),,,,720235
S720235D03501,OT-70度 ｸﾘｱｰ,,,,720235
S720235D03801,OT-90A ｺｹﾞﾁｬ,,,,720235
S720235D03901,OT-H ｸﾞﾘｰﾝ,,,,720235
S720235D03902,OT-90A ｵﾚﾝｼﾞ *,,,,102001
S720235D04001,OT-H ﾌﾞﾙｰ,,,,720235
S720235D04101,OT-K ｸﾞﾚｰ1,,,,720235
S720235D04201,OT-T ｸﾘｱｰ,,,,720235
S720235D04301,OT-T 透明2 (300㎏以上)*,,,,720235
S720235D04401,OT-TNC 35 黒,,,,720235
S720235D04501,OT-蛍光 黒*,,,,720235
S720235D04701,TNC80 黒 ～399kg,,,,720235
S720235D04702,TNC80 黒 400kg～,,,,720235
S720235D04801,再生 FE55HA 黒,ｻｲｾｲ ﾌｪ55ﾊ,,,720235
S720235D04901,半硬1005 ｸﾞﾚｰ,,,,720235
S720235I00101,2606 ROHS(改) 黒 (二色ｸﾞﾚﾁｬﾝ原料),2606 ROHS,ｋｇ,ｋｇ,720235
S720235I00201,MX E-555 ﾌﾞﾗｯｸ,MX E-555,ｋｇ,ｋｇ,720235
S720235I00301,TI-FG 1492 濃茶,TI-FG 1492,ｋｇ,ｋｇ,720235
S720235I00302,TI-FG 1650 紺ﾊﾟｰﾙ,TI-FG 1650,ｋｇ,ｋｇ,720235
S720235I00303,TI-FG 1797 ﾋﾟﾝｸﾊﾟｰﾙ,TI-FG 1797,ｋｇ,ｋｇ,720235
S720235I00304,TI-FG 2068 緑ﾊﾟｰﾙ,TI-FG 2068,ｋｇ,ｋｇ,720235
S720235I00305,TI-FG 2119 ｼｬﾝﾊﾟﾝ,TI-FG 2119,ｋｇ,ｋｇ,720235
S720235I00306,TI-FG 2120 ﾊﾟｰﾌﾟﾌﾞﾙｰ,TI-FG 2020,ｋｇ,ｋｇ,720235
S720235I00307,TI-FG 2519A ﾌﾞﾗｳﾝ,TI-FG 2519,ｋｇ,ｋｇ,720235
S720235I00308,TI-FG 2520 茶ﾊﾟｰﾙ,TI-FG ﾁｬﾊﾟ,ｋｇ,ｋｇ,720235
S720235I00309,TI-FG 7341 赤ﾊﾟｰﾙ,TI-FG 7341,ｋｇ,ｋｇ,720235
S720235I00310,TI-FG 7414 橙ﾊﾟｰﾙ,TI-FG ﾀﾞｲﾀ,ｋｇ,ｋｇ,720235
S720235I00311,TI-FG 8367 ｼﾙﾊﾞｰ,TI-FG 8367,ｋｇ,ｋｇ,720235
S720235I00312,TI-FG 8724 青ﾊﾟｰﾙ,TI-FG 8724,ｋｇ,ｋｇ,720235
S720235I00313,TI-FG(ﾌｧｽﾅｰｶﾞｰﾄﾞ用),TI-FG,ｋｇ,ｋｇ,720235
S720235I00401,TI-HT 0016 黒,TI-HT,ｋｇ,ｋｇ,720235
S720235I00402,TI-HT 1492 濃茶,TI-HT 1492,ｋｇ,ｋｇ,720235
S720235I00403,TI-HT 1985 茶,TI-HT 1985,ｋｇ,ｋｇ,720235
S720235I00404,TI-HT(A) 0016 黒 三輝ﾖﾘ以来有償ｻﾝﾌﾟﾙ,TI-HT,ｋｇ,ｋｇ,720235
S720235I00405,TI-HT(ﾍﾘﾃｰﾌﾟ用,TI-HT,ｋｇ,ｋｇ,720235
S720235I00501,TI-MZG ﾍﾞｰｼﾞｭ,TI-MZG,ｋｇ,ｋｇ,720235
S720235I00502,TI-MZG(ｸﾞﾚﾁｬﾝ用),TI-MZG,ｋｇ,ｋｇ,720235
S720235I00601,軟質 2606 黒,ﾅﾝｼﾂ 2606,ｋｇ,ｋｇ,720235
S720261D00101,D456 GY07 ｸﾞﾚｰ,,,,720235
S720305D00001,ｻｰﾘﾝｸ用5%ﾊﾞｯﾁ 15-01236 DBｸﾞﾚｰ,,,,720305
S720305D00201,ﾚｼﾞﾉｶﾗｰMB-Y-7227EV 3%添加品（白）,,kg,kg,720305
S720305D10000,ﾀﾞｲﾕｳｶｾｲ 5512-60 (透明) 300kg以上,5512-60(,kg,,720305
S720305D10001,ﾀﾞｲﾕｳｶｾｲ 5512-60 (透明) 300kg未満,5512-60,Kg,,720305
S720305D10100,ﾀﾞｲﾕｳ 5514-70 No2 白 300kg以上 Sn系,5514-70 no,kg,,720305
S720305D10200,ﾀﾞｲﾕｳ 5514-70A No.3-白(改2※)Ca-Zn系,5514-70A,kg,,720305
S720305D10300,ﾀﾞｲﾕｳ E-2HC9-A No.4-白(非ﾌﾀﾙ)1000kg,E-2HC9ｶｲ2,kg,,720305
S720305D10301,ﾀﾞｲﾕｳ E-2HC9-A No.4-白(非ﾌﾀﾙ) 300kg,E-2HC9ｶｲ2,kg,,720305
S720305D10400,ﾀﾞｲﾕｳ 5514-70AN 標準白 DINP Ca-Zn系,5514-70AN,kg,,720305
S720305D11000,ﾀﾞｲﾕｳｶｾｲ 2023-ZNP 黒 300kg～,,U/T,,720305
S720305D11001,ﾀﾞｲﾕｳｶｾｲ 2023-ZNP 黒 25㎏～,,kg,,720305
S720305D11100,ﾀﾞｲﾕｳｶｾｲ E-1012 黒 300kg～,ｴ-1012 ｸﾛ,kg,,720305
S720305D11200,ﾀﾞｲﾕｳｶｾｲ E-1340-T ｱｲﾎﾞﾘｰ 100kg～,E-1340-T ｱ,kg,,720305
S720305D11201,ﾀﾞｲﾕｳｶｾｲ E-1340-T ｱｲﾎﾞﾘｰ 300kg～,E-1340-T ｱ,kg,,720305
S720305D11300,ﾀﾞｲﾕｳｶｾｲ E-1340-T ﾀﾞｰｸﾌﾞﾗｳﾝ 100kg～,E-1340-T ﾀ,kg,,720305
S720305D11301,ﾀﾞｲﾕｳｶｾｲ E-1340-T ﾀﾞｰｸﾌﾞﾗｳﾝ 300kg～,E-1340-T ﾀ,kg,,720305
S720305D11400,ﾀﾞｲﾕｳｶｾｲ E-1340-T 黒 100kg～,E-1340-T ｸ,kg,,720305
S720305D11401,ﾀﾞｲﾕｳｶｾｲ E-1340-T 黒 300kg～,E-1340-T ｸ,kg,,720305
S720305D11500,ﾀﾞｲﾕｳｶｾｲ E-1899-100 白 25kg～,E-1899-100,kg,25,720305
S720305D11600,ﾀﾞｲﾕｳｶｾｲ E-2T22 ｸﾞﾚｰ,S-PVC,kg,,720305
S720305D11700,ﾀﾞｲﾕｳｶｾｲ E-3062 ｸﾞﾚｰ 300kg以上,ｴｰ3062,kg,,720305
S720305D11701,ﾀﾞｲﾕｳｶｾｲ E-3062 ｸﾞﾚｰ 300kg未満,ｴ-3062 ｸﾞﾚ,kg,,720305
S720305D11800,ﾀﾞｲﾕｳｶｾｲ E-3062 ﾊﾟｰﾌﾟﾙ 300kg以上,E-3062,kg,,720305
S720305D11801,ﾀﾞｲﾕｳｶｾｲ E-3062 ﾊﾟｰﾌﾟﾙ 300㎏未満,E-3062,kg,,720305
S720305D11900,ﾀﾞｲﾕｳｶｾｲ E-3081 黒 300kg以上, 300kgｲｼﾞｮ,,,720305
S720305D11901,ﾀﾞｲﾕｳｶｾｲ E-3081 黒 300kg未満,,kg,,720305
S720305D11902,ﾀﾞｲﾕｳｶｾｲ E-2042-T 青 300kg未満,E-2042-Tｱｵ,kg,,720305
S720305D11903,ﾀﾞｲﾕｳｶｾｲ E-2042-T 青 300kg以上,E-2042-Tｱｵ,kg,,720305
S720305D11904,ﾀﾞｲﾕｳｶｾｲ E-2042-T 黄 300kg未満,E-2042-Tｷｲ,kg,,720305
S720305D11905,ﾀﾞｲﾕｳｶｾｲ E-2042-T 黄 300kg以上,E-2042-Tｷｲ,kg,,720305
S720305D11906,ﾀﾞｲﾕｳｶｾｲ E-2042-T ﾐﾄﾞﾘ　300kg未満,E-2042-Tﾐﾄ,kg,,720305
S720305D11907,ﾀﾞｲﾕｳｶｾｲ E-2042-T ﾐﾄﾞﾘ　300kg以上,E-2042-Tﾐﾄ,kg,,720305
S720305D11908,ﾀﾞｲﾕｳｶｾｲ E-2042-T　ﾋﾟﾝｸ　300kg未満,E-2042-Tﾋﾟ,kg,,720305
S720305D11909,ﾀﾞｲﾕｳｶｾｲ E-2042-T　ﾋﾟﾝｸ　300kg以上,E-2042-Tﾋﾟ,kg,,720305
S720305D12000,ﾀﾞｲﾕｳｶｾｲ D-100-LA 300kg以上,,kg,,720305
S720305D12001,ﾀﾞｲﾕｳｶｾｲ D-100-LA 300kg未満,d-100-ｧ,kg,,720305
S720305D12100,ﾀﾞｲﾕｳｶｾｲ 2125‐Z　ｸｰﾙｸﾞﾚｰ　100kg以上,2125-Z 300,kg,,720305
S720305D12101,ﾀﾞｲﾕｳｶｾｲ 2125‐Z　ｸｰﾙｸﾞﾚｰ　300kg以上,2125-Z 300,kg,,720305
S720305D20000,ﾄｳﾜ 2-15-7513 蛍光ｵﾚﾝｼﾞ,,,,720305
S720305D20100,ﾄｳﾜ 2-21-33210 ﾌﾞﾙｰ,2-21-33210,u/t,1,720305
S720305D20200,ﾄｳﾜ 2-22-23643 蛍光ｸﾞﾘｰﾝ,2-22-23643,kg,,720305
S720305D20300,ﾄｳﾜ 2-24-17595 5%,,,,720305
S720305D20400,ﾄｳﾜ 2-28-22138 ｸﾞﾚｰ5%,,,,720305
S720305D20500,ﾄｳﾜ 2-28-28886 ｸﾞﾚｰ,,,,720305
S720305D20600,ﾄｳﾜ 2-28-31267 ｽﾓｰｸｸﾞﾚｰ,2-28-31267,UT,,720305
S720305D20700,ﾄｳﾜ 3-15-7220 ｵﾚﾝｼﾞ(IH),,,,720305
S720305D20800,ﾄｳﾜ 3-21-32291 ﾌﾞﾙｰ (ｽﾁﾚﾝ系ｴﾗｽﾄﾏｰ用),ｽﾁﾚﾝｹｲｴﾗｽﾄ,U/T,,720305
S720305D20900,ﾄｳﾜ 3-21-32292 ﾌﾞﾙｰ (ｽﾁﾚﾝ系ｴﾗｽﾄﾏｰ用),,U/T,,720305
S720305D21000,ﾄｳﾜ 3-21-32294 ﾌﾞﾙｰ (ｽﾁﾚﾝ系ｴﾗｽﾄﾏｰ用),4,U/T,,720305
S720305D21100,ﾄｳﾜ 3-23-5284 10% (ｼｮｳﾜｺｳｻﾝ),,,,720305
S720305D21200,ﾄｳﾜ 8-29-4799 (PC黒透明着色ﾊﾟｳﾀﾞｰ),8-29-4799(,u/t,1,720305
S720305D21400,ﾄｳﾜ 9-14-12606 ｲｴﾛｰ,9-14-12606,ut,,720305
S720305D21500,ﾄｳﾜ 9-15-9134 ｵﾚﾝｼﾞ,5514-70 ﾉ.,ut,,720305
S720305D21600,ﾄｳﾜ 9-17-15689 ﾋﾟﾝｸ,9-17-15689,ut,,720305
S720305D21700,ﾄｳﾜ 9-18-14380 ﾚｯﾄﾞ,9-18-14380,UT,,720305
S720305D21800,ﾄｳﾜ 9-21-31156 ﾌﾞﾙｰ,9-21-31156,kg,,720305
S720305D21900,ﾄｳﾜ 9-21-31256 ﾌﾞﾙｰ,9-21-31256,UT,,720305
S720305D22000,ﾄｳﾜ 9-22-23652 ｸﾞﾘｰﾝ,9-22-23652,ut,,720305
S720305D22100,ﾄｳﾜ 9-22-23715 ｸﾞﾘｰﾝ,9-22-23715,UT,,720305
S720305D22200,ﾄｳﾜ 9-24-20144 ﾌﾞﾗｳﾝ,db6-24-201,UT,,720305
S720305D22300,ﾄｳﾜ 9-28-30047 ﾀﾞｰｸｸﾞﾚｰ(ｿﾌﾄｱｸﾘﾙ用),,,,720305
S720305D22400,ﾄｳﾜ 9-28-31128 ﾄﾞﾗｲｶﾗｰ,9-28-31128,,,720305
S720305D22500,ﾄｳﾜ 9-28-31185 ｸﾞﾚｰ,9-28-31185,,,720305
S720305D22600,ﾄｳﾜ 9-29-4242 ﾌﾞﾗｯｸ,9-29-4242,,,720305
S720305D22700,ﾄｳﾜ AC23-02086A（拡散材）,,kg,,720305
S720305D22800,ﾄｳﾜ DB1-29-0379 ｸﾛ2%,,,,720305
S720305D22900,ﾄｳﾜ DB15-01236 ｸﾞﾚｰ5% (ｻｰﾘﾝｸ用),,,,720305
S720305D23000,ﾄｳﾜ DB18-030110 3% ｸﾞﾚｰ,,,,720305
S720305D23100,ﾄｳﾜ DB2-11-14802A,db2-11-148,kg,,720305
S720305D23200,ﾄｳﾜ DB2-14-11058 ｲｴﾛｰ,db2-14-110,kg,,720305
S720305D23300,ﾄｳﾜ DB2-15-7438A,db2-15-743,kg,,720305
S720305D23400,ﾄｳﾜ DB2-23-5899 ﾍﾞｰｼﾞｭ,,,,720305
S720305D23500,ﾄｳﾜ DB2-28-28061 ｸﾞﾚｰ,db2-28-280,kg,,720305
S720305D23600,ﾄｳﾜ DB2-28-33153 ｸﾞﾚｰ(Cﾊﾟｰﾂ用),2-28-33153,KG,25,720305
S720305D23700,ﾄｳﾜ DB3-28-31801 ｸﾞﾚｰ,DB3-28-318,kg,kg,720305
S720305D23800,ﾄｳﾜ DB4-11-1676X10,,,,720305
S720305D23900,ﾄｳﾜ DB4-12-9420 ｱｲﾎﾞﾘｰ10% (ｼﾞｭｹﾝ),,,,720305
S720305D24000,ﾄｳﾜ DB4-23-7477 ﾍﾞｰｼﾞｭ5% (ｼﾞｭｹﾝ),,,,720305
S720305D24100,ﾄｳﾜ DB4-24-19642 ﾌﾞﾗｳﾝ10% (ｼﾞｭｹﾝ),,,,720305
S720305D24200,ﾄｳﾜ DB6-24-20131 ﾌﾞﾗｳﾝ5%,db6-24-201,kg,,720305
S720305D24300,ﾄｳﾜ DB6-24-21149（ﾊﾟﾗﾍﾟｯﾄMB）,24-21149,,,720305
S720305D24400,ﾄｳﾜ DB9-11-14679 白5%,db9-11-146,,kg,720305
S720305D24500,ﾄｳﾜ DB9-28-31128 ｸﾞﾚｰ5%,db9-28-311,kg,,720305
S720305D24600,ﾄｳﾜ DB9-29-4727MB,9-29-4727,kg,25,720305
S720305D24700,ﾄｳﾜ EX4-23-8426,ｴx4-23-842,Kg,,720305
S720305D24800,旭化成 ｽﾀｲﾗｯｸ (A4130) 25kgﾛｯﾄ,ｽﾀｲﾗｯｸ A41,kg,25,720305
S720305D24900,ﾄｳﾜ EX4-28-33132 ｸﾞﾚｰ着ﾍﾟﾚ 25kgﾛｯﾄ,A4130ﾍﾞｰｽ,kg,25,720305
S720305D24901,ﾄｳﾜ EX4-28-33132 ｸﾞﾚｰ着ﾍﾟﾚ 100kgﾛｯﾄ,A4130ﾍﾞｰｽ,kg,25,720305
S720305D25000,ﾄｳﾜ EX6-26-4271 (ﾊﾟﾗﾍﾟｯﾄ ｼﾙﾊﾞｰ着ﾍﾟﾚ),EX6-26-427,kg,25,720305
S720305D25100,ﾄｳﾜ EX8-29-4799C (PC黒透明濃度1/2),EX8-29-479,kg,25,720305
S720305D25200,EX9-11-16878 NW201白着ﾍﾟﾚ 25kg,EX9-11-168,kg,25,720305
S720305D25201,EX9-11-16878 NW201白着ﾍﾟﾚ 100kg,EX9-11-168,kg,25,720305
S720305D25300,EX9-11-20134(FR201/NW001 白4倍)100kg,EX9-11-168,kg,25,720305
S720305D25400,ﾄｳﾜ MB-Y7227EV ﾎﾜｲﾄ　※ｼﾖｳｼﾅｲ,,,,720305
S720305D25500,ﾄｳﾜ MC2-22-23618 ｸﾞﾘｰﾝ,mc2-22-236,kg,,720305
S720305D25501,ﾄｳﾜ　2-22-25652　ｸﾞﾘｰﾝ家具安定板,,ut,,720305
S720305D25600,ﾄｳﾜ MC2-23-5285 ﾍﾞｰｼﾞｭ (ｼｮｳﾜｺｳｻﾝ),,,,720305
S720305D25700,ﾏﾙﾊｶｶﾞｸ P-4316 ﾌﾞﾗｯｸ,,kg,,720305
S720305D25800,ﾄｳﾜ PEM20026 ｲｴﾛｰ (50kg～),,,,720305
S720305D25900,ﾄｳﾜ DB2-28-34170,DB2-28,kg,,720305
S720305D25901,PP用MB　ﾎﾜｲﾄ　10％品,PPﾖｳMB  ﾎﾜ,㎏,,720305
S720305D26001,PP用MB　ﾌﾞﾗｳﾝ　5％品,PPﾖｳMBﾎﾜｲﾄ,㎏,,720305
S720305D27001,PP用MB　ﾍﾞｰｼﾞｭ　5％品,PPﾖｳMBﾍﾞｰｼ,㎏,,720305
S720305D27100,ﾄｳﾜ DB2-28-26812,ﾄｳﾜ db2-28,,,720305
S720305D27101,ﾄｳﾜ 9-11-18912白ｿﾌﾄｱｸﾘﾙ用高濃度白,ﾄｳﾜ 9-11-1,U/T,,720305
S720305D27102,9-24-21764 ﾌﾞﾗｳﾝ,9-24-21764,U/T,,720305
S720305D27103,9-29-7167 ﾌﾞﾗｯｸ,9-29-7167,U/T,,720305
S720305D28001,ﾌﾞﾚﾝﾄﾞｵｲﾙ #7 15L入,ﾌﾞﾚﾝﾄﾞｵｲﾙ,缶,,720305
S720305I00101,2125-Z 黒,2125-z,kg,,720305
S720305I00201,ﾏｽﾀｰﾊﾞｯﾁ DB16-09169 ｸﾞﾚｰ,ﾏｽﾀｰﾊﾞｯﾁ,ｋｇ,,720305
S720305I00202,ﾏｽﾀｰﾊﾞｯﾁ DB2-21-23638 ﾌﾞﾙｰ,ﾏｽﾀｰﾊﾞｯﾁ,ｋｇ,,720305
S720305I00203,ﾏｽﾀｰﾊﾞｯﾁ DB3-28-31801 ｸﾞﾚｰ,ﾏｽﾀｰﾊﾞｯﾁ,ｋｇ,,720305
S720305I00204,ﾏｽﾀｰﾊﾞｯﾁ4-21-23018 EXﾌﾞﾙｰ100kg以上,ﾏｽﾀｰﾊﾞｯﾁ,ｋｇ,,720305
S720305I00205,ﾏｽﾀｰﾊﾞｯﾁ4-21-23018 EXﾌﾞﾙｰ100kg未満,ﾏｽﾀｰﾊﾞｯﾁ,ｋｇ,,720305
S720305I00301,NC-20-24-2005 ﾌﾞﾗｳﾝ,NC-ﾌﾞﾗｳﾝ,ＵＴ,,720305
S720305I00401,NC-20-28-2641 ｸﾞﾚｰ,NC-ｸﾞﾚｰ,ＵＴ,,720305
S720305I00501,NC-20-29-0715 黒,NC-ｸﾛ,ＵＴ,,720305
S720305I00601,NC-2-20-8038 ｸﾞﾘｰﾝ,NC-ｸﾞﾘｰﾝ,ＵＴ,,720305
S720305I00701,NC-2-23-2561 ﾍﾞｰｼﾞｭ,NC-ﾍﾞｰｼﾞｭ,ＵＴ,,720305
S720305I00801,X ﾄﾞﾗｲｶﾗｰ 3-25-5520 ﾍﾞｰｼﾞｭ X,NC-ﾍﾞｰｼﾞｭ,ＵＴ,,720305
S720305I00802,X ﾄﾞﾗｲｶﾗｰ 3-23-5520 茶 X,NC-ﾍﾞｰｼﾞｭ,ＵＴ,,720305
S720305I00803,ﾄﾞﾗｲｶﾗｰ 2-24-21640 (3-23-5220) 茶,ﾄﾞﾗｲｶﾗｰ,ＵＴ,,720305
S720305I00804,ﾄﾞﾗｲｶﾗｰ 3-18-15481 ﾚｯﾄﾞ,ﾄﾞﾗｲｶﾗｰ,ＵＴ,,720305
S720305I00805,ﾄﾞﾗｲｶﾗｰ 3-21-33728 ﾌﾞﾙｰ,ﾄﾞﾗｲｶﾗｰ,ＵＴ,,720305
S720305I00806,ﾄﾞﾗｲｶﾗｰ 3-14-13727 ｲｴﾛｰ,ﾄﾞﾗｲｶﾗｰ,ＵＴ,,720305
S720305I00807,ﾄﾞﾗｲｶﾗｰ 3-22-25307 ｸﾞﾘｰﾝ,ﾄﾞﾗｲｶﾗｰ,ＵＴ,,720305
S720305I00808,ﾄﾞﾗｲｶﾗｰ 3-17-17565 ﾋﾟﾝｸ,ﾄﾞﾗｲｶﾗｰ,ＵＴ,,720305
S720305I00809,ﾄﾞﾗｲｶﾗｰ (ｵﾚﾝｼﾞ),HDPR MB ｵﾚ,kg,,720305
S720305I00810,ﾄﾞﾗｲｶﾗｰ DB2-21-22799 ﾌﾞﾙｰ,ﾄﾞﾗｲｶﾗｰﾌﾞﾙ,kg,,720305
S720305I00811,ﾄﾞﾗｲｶﾗｰ 8-28-33550 ｸﾞﾚｰ,ﾄﾞﾗｲｶﾗｰﾌﾞﾙ,kg,,720305
S720305I00901,ﾏﾙﾊｶｶﾞｸ P-4316ﾌﾞﾗｯｸ 25kg～ 石狩入れ,P-4316,kg,,720305
S720305I00902,ﾏﾙﾊｶｶﾞｸ P-4316ﾌﾞﾗｯｸ 100kg～ 石狩入れ,P-4316,kg,,720305
S720305I01001,ﾄｳﾜ PEM20026 ｲｴﾛｰ (50kg～),,,,720305
S720305K00201,ﾄﾞﾗｲｶﾗｰ 9-17-17142 ﾋﾟﾝｸ ｳﾚﾀﾝ P2,ﾄﾞﾗｲｶﾗｰ,ＵＴ,,720305
S720305K00202,ﾄﾞﾗｲｶﾗｰ 9-17-17143 ﾋﾟﾝｸ ｳﾚﾀﾝ FP2,ﾄﾞﾗｲｶﾗｰ,ＵＴ,,720305
S720305K00203,ﾄﾞﾗｲｶﾗｰ 9-17-17145 ﾋﾟﾝｸ ｳﾚﾀﾝ P,ﾄﾞﾗｲｶﾗｰ,ＵＴ,,720305
S720305K00204,ﾄﾞﾗｲｶﾗｰ 9-17-17146 ﾋﾟﾝｸ ｳﾚﾀﾝ FP,ﾄﾞﾗｲｶﾗｰ,ＵＴ,,720305
S720305K00205,ﾄﾞﾗｲｶﾗｰ 9-18-15462 ﾚｯﾄﾞ ｳﾚﾀﾝ R6,ﾄﾞﾗｲｶﾗｰ,ＵＴ,,720305
S720305K00206,ﾄﾞﾗｲｶﾗｰ 9-18-15463 ﾚｯﾄﾞ ｳﾚﾀﾝ FR,ﾄﾞﾗｲｶﾗｰ,ＵＴ,,720305
S720305K00207,ﾄﾞﾗｲｶﾗｰ 9-18-15464 ﾚｯﾄﾞ ｳﾚﾀﾝ R,ﾄﾞﾗｲｶﾗｰ,ＵＴ,,720305
S720305K00208,ﾄﾞﾗｲｶﾗｰ 9-21-33691 ﾌﾞﾙｰ ｳﾚﾀﾝ B9,ﾄﾞﾗｲｶﾗｰ,ＵＴ,,720305
S720305K00209,ﾄﾞﾗｲｶﾗｰ 9-21-33695 ﾌﾞﾙｰ ｳﾚﾀﾝ B3,ﾄﾞﾗｲｶﾗｰ,ＵＴ,,720305
S720305K00210,ﾄﾞﾗｲｶﾗｰ 9-24-21744 ﾌﾞﾗｳﾝ ｳﾚﾀﾝ RBL,ﾄﾞﾗｲｶﾗｰ,ＵＴ,,720305
S720305K00211,ﾄﾞﾗｲｶﾗｰ 9-15-10129 ｵﾚﾝｼﾞｳﾚﾀﾝ YBR,ﾄﾞﾗｲｶﾗｰ,ＵＴ,,720305
S720305K00212,ﾄﾞﾗｲｶﾗｰ 9-22-25280 ｸﾞﾘｰﾝ ｳﾚﾀﾝ FG,ﾄﾞﾗｲｶﾗｰ,ＵＴ,,720305
S720305K00213,ﾄﾞﾗｲｶﾗｰ 9-14-13688 ｲｴﾛｰ ｳﾚﾀﾝ Y11,ﾄﾞﾗｲｶﾗｰ,ＵＴ,,720305
S720305K00214,ﾄﾞﾗｲｶﾗｰ 9-14-13689 ｲｴﾛｰ ｳﾚﾀﾝ FY,ﾄﾞﾗｲｶﾗｰ,ＵＴ,,720305
S720305K00215,ﾄﾞﾗｲｶﾗｰ 9-14-13690 ｲｴﾛｰ ｳﾚﾀﾝ Y,ﾄﾞﾗｲｶﾗｰ,ＵＴ,,720305
S720305K00216,ﾄﾞﾗｲｶﾗｰ 9-14-13760　ｲｴﾛｰ　Y2,ﾄﾞﾗｲｶﾗｰ,ＵＴ,,720305
S720305K00217,ﾄﾞﾗｲｶﾗｰ 9-21-34152　ﾌﾞﾙｰ #243 ｳﾚﾀﾝ用,ﾄﾞﾗｲｶﾗｰ,ＵＴ,,720305
S720305K00218,ﾄﾞﾗｲｶﾗｰ 9-21-34153　ﾌﾞﾙｰ #52 ｳﾚﾀﾝ用,ﾄﾞﾗｲｶﾗｰ,ＵＴ,,720305
S720305K00219,ﾄﾞﾗｲｶﾗｰ 9-21-34154　ﾌﾞﾙｰ #53 ｳﾚﾀﾝ用,ﾄﾞﾗｲｶﾗｰ,ＵＴ,,720305
S720305K00220,ﾄﾞﾗｲｶﾗｰ 9-21-34218　ﾌﾞﾙｰ #59 ｳﾚﾀﾝ用,ﾄﾞﾗｲｶﾗｰ,ＵＴ,,720305
S720305K00221,ﾄﾞﾗｲｶﾗｰ 9-17-17791　ﾋﾟﾝｸ #40 ｳﾚﾀﾝ用,ﾄﾞﾗｲｶﾗｰ,ＵＴ,,720305
S720305K00222,ﾄﾞﾗｲｶﾗｰ 9-20-8878 ﾊﾞｲｵﾚｯﾄ #50 ｳﾚﾀﾝ用,ﾄﾞﾗｲｶﾗｰ,ＵＴ,,720305
S720305K00223,ﾄﾞﾗｲｶﾗｰ 9-22-25605 ｸﾞﾘｰﾝ #26 ｳﾚﾀﾝ用,ﾄﾞﾗｲｶﾗｰ,ＵＴ,,720305
S720305K00224,ﾄﾞﾗｲｶﾗｰ 9-22-25606 ｸﾞﾘｰﾝ #61 ｳﾚﾀﾝ用,ﾄﾞﾗｲｶﾗｰ,ＵＴ,,720305
S720305K00225,ﾄﾞﾗｲｶﾗｰ 9-23-9177 ﾍﾞｰｼﾞｭ #348 ｳﾚﾀﾝ用,ﾄﾞﾗｲｶﾗｰ,ＵＴ,,720305
S720305K00226,ﾄﾞﾗｲｶﾗｰ 9-23-9178 ﾍﾞｰｼﾞｭ #330 ｳﾚﾀﾝ用,ﾄﾞﾗｲｶﾗｰ,ＵＴ,,720305
S720305K00227,ﾄﾞﾗｲｶﾗｰ 9-24-22022 ﾌﾞﾗｳﾝ #41 ｳﾚﾀﾝ用,ﾄﾞﾗｲｶﾗｰ,ＵＴ,,720305
S720305K00228,ﾄﾞﾗｲｶﾗｰ 9-14-13909 ｲｴﾛｰ ｳﾚﾀﾝ用 YL1-K,ﾄﾞﾗｲｶﾗｰ,ＵＴ,,720305
S720305K00229,ﾄﾞﾗｲｶﾗｰ 9-15-10284 ｵﾚﾝｼﾞ ｳﾚﾀﾝ OR1-K,ﾄﾞﾗｲｶﾗｰ,ＵＴ,,720305
S720305K00230,ﾄﾞﾗｲｶﾗｰ 9-17-17879 ﾋﾟﾝｸ ｳﾚﾀﾝ PK1-K,ﾄﾞﾗｲｶﾗｰ,ＵＴ,,720305
S720305K00231,ﾄﾞﾗｲｶﾗｰ 9-18-15754 ﾚｯﾄﾞ ｳﾚﾀﾝ RD1-K,ﾄﾞﾗｲｶﾗｰ,ＵＴ,,720305
S720305K00232,ﾄﾞﾗｲｶﾗｰ 9-20-8902 ﾊﾞｲｵﾚｯﾄ ｳﾚﾀﾝ PL1-K,ﾄﾞﾗｲｶﾗｰ,ＵＴ,,720305
S720305K06216,ﾄﾞﾗｲｶﾗｰ 9-14-13760　ｲｴﾛｰ　Y2,ﾄﾞﾗｲｶﾗｰ,ＵＴ,,720305
S720305K27104,9-24-21862 ﾌﾞﾗｳﾝ,9-24-21862,U/T,,720305
S720305K27105,9-22-25432 ｸﾞﾘｰﾝ,9-22-25432,U/T,,720305
S720305K27106,9-21-33911 ﾌﾞﾙｰ,9-21-33911,U/T,,720305
S720305K27107,9-21-33909 ﾌﾞﾙｰ,9-21-33909,U/T,,720305
S720305K27108,9-20-8811 ﾊﾞｲｵｯﾚﾄ,9-20-8811,U/T,,720305
S720305K27109,9-17-17635 ﾋﾟﾝｸ,9-17-17635,U/T,,720305
S721136B00101,ｱﾃﾞｶｽﾀﾌﾞ FP-2100JC,FP-2100JC,kg,,721136
S721136B00102,ｴﾚｸﾄﾛｽﾄﾘｯﾊﾟｰ TS-5,ｴﾚｸﾄﾛｽﾄﾘｯﾊ,,kg,721136
S721136D00101,TC2187-3（ﾄｳﾒｲ）昭和化成工業製,TC2187-3(ﾄ,,kg,721136
S721136D00102,ｱﾃﾞｶｽﾀﾌﾞ PEP-36,,kg,,721136
S721136D00201,軟質塩ビ TC2283（昭和化成工業）,TC2283ﾅﾝｼﾂ,kg,,721136
S721136D00301,硬質塩ビ851E(ST2Tﾌﾞﾗｯｸ)（昭和化成）,,kg,,721136
S721136I00101,C2158-4 ﾊｲH-1,C2158,ｋｇ,,721136
S721136I00201,C2193 H88,S2193,ｋｇ,,721136
S721136I00202,C2193 H88　500kg/回,S2193,ｋｇ,,721136
S721136I00203,C2193 ｺｹﾞﾁｬC-2,S2193,ｋｇ,,721136
S721136I00204,C2193 ｺｹﾞﾁｬC-2　500kg/回,S2193,ｋｇ,,721136
S721136I00205,C2193 ｼﾛ D55,S2193,ｋｇ,,721136
S721136I00206,C2193 ｼﾛ D55　500kg/回,S2193,ｋｇ,,721136
S721136I00207,C2193 ﾁｬ,S2193,ｋｇ,,721136
S721136I00208,C2193 ﾁｬ　500kg/回,S2193,ｋｇ,,721136
S721136I00209,C2193 ﾍﾞｰｼﾞｭ,S2193,ｋｇ,,721136
S721136I00210,C2193 ﾍﾞｰｼﾞｭ　500kg/回,S2193,ｋｇ,,721136
S721136I00301,C31103 ﾊｲH-88,C31103,ｋｇ,,721136
S721136I00302,C31113-2 +ﾊｲH-88,C31103-2,ｋｇ,,721136
S721136I00401,KVC 850S8 ﾀﾞｰｸﾌﾞﾗｳﾝ,850S8,ｋｇ,,721136
S721136I00402,KVC 850S8 ｼﾙﾊﾞｰ,850S8,ｋｇ,,721136
S721136I00403,KVC 850S8 ｸﾞﾚｰ,850S8,ｋｇ,,721136
S721136I00404,KVC 850S8 ﾌﾞﾗｯｸ,850S8,ｋｇ,,721136
S721136I00501,ﾉﾊﾞﾃｯｸLD LF342M,ﾉﾊﾞﾃｯｸ,ｋｇ,,721136
S721136I00601,B3190-3 ﾌﾞﾗｯｸ,B3190-3ﾌﾞﾗ,ｋｇ,,721136
S721136I00602,B3190-3 ｼﾙﾊﾞｰ,B3190-3ｼﾙ,ｋｇ,,721136
S721136I00603,B3190-3 ｸﾞﾚｰ,B3190-3ｸﾞﾚ,ｋｇ,,721136
S721136I00604,B3190-3 ﾀﾞｰｸﾌﾞﾗｳﾝ,B3190-3ﾀﾞｰ,ｋｇ,,721136
S721136K00100,脂肪酸ｱﾏｲﾄﾞT(15㎏/袋）,,,,721136
S721196B00301,SCｶﾗｰ ｸﾞﾚｰ 79-28-D465 5%,SCｶﾗｰ,ｋｇ,ｋｇ,721196
S721196B00401,Pﾀﾙｸ(膨張性黒鉛に使用),Pﾀﾙｸ,ｋｇ,ｋｇ,721196
S721196D00101,59-28-C987 ｸﾞﾚｰ ﾀｲﾔﾄﾞﾗｲｶﾗｰ,,,,721196
S721196I00101,DM2104VUR A7AANS 100kg/回 SK,DM2104VUR,ｋｇ,,721196
S721196I00102,DM2108VUR A775NS 25kg/回 SK,DM2108VUR,ｋｇ,,721196
S721196I00103,DM2204VUR A7AZNS 25kg/回 SK,DM2204VUR,ｋｇ,,721196
S721196I00104,DM2204VUR A7AZNS 100kg/回 SK,DM2204VUR,ｋｇ,,721196
S721196I00401,ﾉﾊﾞﾚｯｸｽ M7027U 100kg未満 SK,M7027U,ｋｇ,,721196
S721196I00402,ﾉﾊﾞﾚｯｸｽ M7027U 100kg以上 SK,M7027U,ｋｇ,,721196
S721196I00501,ﾊｲﾄﾙｸﾅｯﾄ HTN-12,HTN-12,個,,721196
S721196I00502,ﾊｲﾄﾙｸﾅｯﾄ HTN-16,HTN-16,個,,721196
S721196I00601,ﾕｰﾋﾟｰﾛﾝ EFD2110U 100kg未満,ﾕｰﾋﾟｰﾛﾝ,ｋｇ,ｋｇ,721196
S721196I00602,ﾕｰﾋﾟｰﾛﾝ EFD2110U 難燃PC拡散ｸﾞﾚｰﾄﾞ SK,ﾕｰﾋﾟｰﾛﾝ,ｋｇ,ｋｇ,721196
S721196I00603,ﾕｰﾋﾟﾛﾝ CFH2030 100kg未満,ﾕｰﾋﾟｰﾛﾝ,ｋｇ,ｋｇ,721196
S721196I00604,ﾕｰﾋﾟﾛﾝ CFH2030 100kg以上,ﾕｰﾋﾟｰﾛﾝ,ｋｇ,ｋｇ,721196
S721196I00605,ﾕｰﾋﾟﾛﾝ DS-3002R 白 7011A 100k未満 SK,ﾕｰﾋﾟﾛﾝ DS-,ｋｇ,,721196
S721196I00606,ﾕｰﾋﾟﾛﾝ DS-3002R 白 7011A 100kg SK,ﾕｰﾋﾟﾛﾝ DS-,ｋｇ,,721196
S721196I00607,ﾕｰﾋﾟﾛﾝ E-2000N 100kg未満　SK,E-2000N,ｋｇ,,721196
S721196I00608,ﾕｰﾋﾟﾛﾝ E-2000N 100kg以上　SK,E-2000N,ｋｇ,,721196
S721196I00609,ﾕｰﾋﾟﾛﾝ Eｰ2000VUR 100kg未満 SK,Eｰ2000VUR,ｋｇ,,721196
S721196I00610,ﾕｰﾋﾟﾛﾝ Eｰ2000VUR 100kg以上 SK,Eｰ2000VUR,ｋｇ,,721196
S721196I00611,ﾕｰﾋﾟﾛﾝ EFT2200U(100kg未満) SK,ﾕｰﾋﾟﾛﾝ,ｋｇ,,721196
S721196I00612,ﾕｰﾋﾟﾛﾝ EFT2200U(100kg以上) SK,ﾕｰﾋﾟﾛﾝ,ｋｇ,,721196
S721196I00613,ﾕｰﾋﾟﾛﾝ EKD2108U A7BSNS 100kg未満 SK,EKD2108U,ｋｇ,,721196
S721196I00614,ﾕｰﾋﾟﾛﾝ EKD2108U A7BSNS 100kg以上 SK,EKD2108U,ｋｇ,,721196
S721196I00615,ﾕｰﾋﾟﾛﾝ EKD2115U A7CJNS 100㎏未満 SK,EKD2115U,ｋｇ,,721196
S721196I00616,ﾕｰﾋﾟﾛﾝ EKD2115U A7CJNS 100㎏以上 SK,EKD2115U,ｋｇ,,721196
S721196I00701,ﾘｹﾏｽﾀｰMX-010,ﾘｹﾏｽﾀｰMX-0,ｋｇ,ｋｇ,721196
S721196I00702,ﾘｹﾏｽﾀｰEXR-060,ﾘｹﾏｽﾀｰEXR-,ｋｇ,ｋｇ,721196
S721196I00801,再生ABS(黒),ｻｲｾｲABSｸﾛ,ｋｇ,ｋｇ,721196
S722035D00100,ﾆﾎﾝﾌﾟﾗｽ FS-40%E ﾀﾞｲｺﾝA (DINP),ﾀﾞｲｺﾝA,kg,,722035
S722035D00200,ﾆﾎﾝﾌﾟﾗｽ FS-70%E ﾋﾔﾑｷﾞ (DINP),ﾋﾔﾑｷﾞ,kg,,722035
S722035D00300,ﾆﾎﾝﾌﾟﾗｽ FS-70%E 青ﾈｷﾞ(濃い) (DINP),ｺｲｱｵﾈｷﾞ,kg,,722035
S722035D00400,ﾆﾎﾝﾌﾟﾗｽ FS-70%E 青ﾈｷﾞ-2(薄い) (DINP),ｳｽｲｱｵﾈｷﾞ,kg,,722035
S722035D00500,ﾆﾎﾝﾌﾟﾗｽ FS-70%E 白ﾈｷﾞ (DINP),ｼﾛﾈｷﾞ,kg,,722035
S722035D00600,ﾆﾎﾝﾌﾟﾗｽ FS-70%F ｳﾄﾞﾝD-4 (DINP),ｳﾄﾞﾝD-4,kg,,722035
S722035D00700,ﾆﾎﾝﾌﾟﾗｽ FS-70%F ｳﾄﾞﾝD-5 (DINP),ｳﾄﾞﾝD-5,kg,,722035
S722035D00800,ﾆﾎﾝﾌﾟﾗｽ TM-80%G ｳﾄﾞﾝD-6 特注 非ﾌﾀﾙ酸,ｳﾄﾞﾝD-6,kg,,722035
S722035D00900,ﾆﾎﾝﾌﾟﾗｽ FS-89%E ｿｳﾒﾝ (DINP),ｿｳﾒﾝ,kg,,722035
S722035D01000,ﾆﾎﾝﾌﾟﾗｽ FS-89%E ｿﾊﾞ (DINP),ｿﾊﾞ,kg,,722035
S722035D01001,ﾆﾎﾝﾌﾟﾗｽ TM-94%G ｿﾊﾞ3 特注色 非ﾌﾀﾙ酸,ｿﾊﾞ,kg,,722035
S722035D01100,ﾆﾎﾝﾌﾟﾗｽ FS-89%E ﾊﾙｻﾒ3 (DINP),ﾊﾙｻﾒ3,kg,,722035
S722035D01101,ﾆﾎﾝﾌﾟﾗｽ TM-94%G ﾊﾙｻﾒ4 特注色 非ﾌﾀﾙ酸,ﾊﾙｻﾒ,kg,,722035
S722035D01200,ﾆﾎﾝﾌﾟﾗｽ FS-89%E 黄ｽﾊﾟ (DINP),ｷｽﾊﾟ,kg,,722035
S722035D01300,ﾆﾎﾝﾌﾟﾗｽ FS-89%E 黄ｽﾊﾟ2 特注色 (DINP),ｷｽﾊﾟ2,kg,,722035
S722035D01400,ﾆﾎﾝﾌﾟﾗｽ FS-89%E 白ｽﾊﾟ (DINP),ｼﾛｽﾊﾟ,kg,,722035
S722035D01500,ﾆﾎﾝﾌﾟﾗｽ FS-89%E 赤ｽﾊﾟ (DINP),ｱｶｽﾊﾟ,kg,,722035
S722035D01501,ﾆﾎﾝﾌﾟﾗｽ TM-94%G 赤ｽﾊﾟ2,ｱｶｽﾊﾟ,kg,,722035
S722035D01600,ﾆﾎﾝﾌﾟﾗｽ FS-89%E 黄ｿﾊﾞB (DINP),ｷｿﾊﾞB,kg,,722035
S722035D01700,ﾆﾎﾝﾌﾟﾗｽ FS-89%E 黄ｿﾊﾞC (DINP),ｷｿﾊﾞC,kg,,722035
S722035D01800,ﾆﾎﾝﾌﾟﾗｽ FS-89%E 黄ｿﾊﾞE 特注色 (DINP),ｷｿﾊﾞE,kg,,722035
S722035D01900,ﾆﾎﾝﾌﾟﾗｽ TM-94%G 赤ｼｮｳｶﾞ 特注 非ﾌﾀﾙ酸,ｱｶｼｮｳｶﾞ,kg,,722035
S722035D01901,ﾆﾎﾝﾌﾟﾗｽ TM-94%G ﾋﾟﾝｸｼｮｳｶﾞ 特 非ﾌﾀﾙ酸,ﾋﾟﾝｸｼｮｳｶﾞ,kg,,722035
S722035D02000,ﾆﾎﾝﾌﾟﾗｽ FS-89%E ﾅﾏﾊﾟﾝｺ 特注色 (DINP),ﾅﾏﾊﾟﾝｺ,kg,,722035
S722035D02100,ﾆﾎﾝﾌﾟﾗｽ FS-89%E 黄ﾊﾟﾝｺ 特注色 (DINP),ｷﾊﾟﾝｺ,kg,,722035
S722035D02200,ﾆﾎﾝﾌﾟﾗｽ FS-89%E ｿﾊﾞ2 特注色 (DINP),ｿﾊﾞ2,kg,,722035
S722035D02300,ﾆﾎﾝﾌﾟﾗｽ FS-70％E　ｷｬﾍﾞﾂ緑,ｿﾊﾞ2,kg,,722035
S722035D02400,ﾆﾎﾝﾌﾟﾗｽ FS-89%Eﾆﾝｼﾞﾝ,ｿﾊﾞ2,kg,,722035
S722035D03000,ｺﾝﾄﾞｳｶｶﾞｸ ｸﾞﾚｰﾍﾞｰｼﾞｭ:KTAｺﾞｰﾙﾄﾞ 200kg,ｺﾝﾄﾞｳｶｶﾞｸ,kg,,722035
S722035D03001,ｺﾝﾄﾞｳｶｶﾞｸ ﾎﾜｲﾄ:KTAﾎﾜｲﾄ2 200kg～,ｺﾝﾄﾞｳｶｶﾞｸ,kg,,722035
S722035D03002,ｺﾝﾄﾞｳｶｶﾞｸ ﾀﾞｰｸﾌﾞﾗｳﾝ:KTAﾀﾞｰｸﾌﾞﾗｳﾝ 200,ｺﾝﾄﾞｳｶｶﾞｸ,kg,,722035
S722035D10000,ﾆﾎﾝﾌﾟﾗｽ HTR-40,,,,722035
S722035D10100,ﾆﾎﾝﾌﾟﾗｽ HTR-4055,htr-4055 #,kg,,722035
S722035D10200,ﾆﾎﾝﾌﾟﾗｽ K-5 SDC　ﾎﾜｲﾄ,,,,722035
S722035D10300,ﾆﾎﾝﾌﾟﾗｽ KT-1007 黒,,,,722035
S722035D10400,ﾆﾎﾝﾌﾟﾗｽ LA2250 SPO-2%,LA2250SPO2,kg,,722035
S722035D10500,ﾆﾎﾝﾌﾟﾗｽ LA2330-KE20%ﾌﾞﾚﾝﾄﾞ,,,,722035
S722035D10501,ﾆﾎﾝﾌﾟﾗｽ LA2330 SX-10%,,,,722035
S722035D10600,ﾆﾎﾝﾌﾟﾗｽ FS-70%E ｺﾞﾊﾝ#80 (DINP),ｺﾞﾊﾝ,kg,,722035
S722035D10700,ﾆﾎﾝﾌﾟﾗｽ　PX-90B 透明-1,,kg,,722035
S722035D90300,T-070F R-1,T-070f r-1,kg,,722035
S722035D90400,T-070F BK-1,t-070f bk-,kg,,722035
S722035D90500,T-075G N,t-075,kg,㎏,722035
S722035D90501,CRK-4720-570 ｸﾛ,CRK-4720-5,kg,,722035
S722035D90601,EG021B6（9KE553-1）(ﾌﾟﾗｽﾃｸ)(150kg～,EG021B6,kg,,722035
S722035D90602,EG021D0（9KE554-1）(ﾌﾟﾗｽﾃｸ)(190kg～,EG021D0,kg,,722035
S722035I00101,TK-2610 ﾊﾞｲｵﾚｯﾄ,TK-2610,kg,kg,722035
S722035I00201,ｻｰﾓﾌﾟﾚﾝ B25E,ｻｰﾓﾌﾟﾚｰﾝ,kg,,722035
S722035I00202,ｻｰﾓﾌﾟﾚﾝ B35E,ｻｰﾓﾌﾟﾚｰﾝ,kg,,722035
S722035I00203,ｻｰﾓﾌﾟﾚｰﾝ B45E(ｴﾗｽﾄﾏｰ),ｻｰﾓﾌﾟﾚｰﾝ,kg,,722035
S722035I00204,ｻｰﾓﾌﾟﾚﾝ B55E,ｻｰﾓﾌﾟﾚｰﾝ,kg,,722035
S722035I00205,ｻｰﾓﾌﾟﾚﾝ N40E,ｻｰﾓﾌﾟﾚｰﾝ,kg,,722035
S723086I00101,HE6036 B1,HE6036,ｋｇ,,723086
S723086I00102,HE6036 C1,HE6036,ｋｇ,,723086
S723086I00103,HE6036 DB1,HE6036,ｋｇ,,723086
S723086I00104,HE6036 LB1,HE6036,ｋｇ,,723086
S723116I00101,ﾍﾟﾚｯﾄ (ｼﾞｮｲﾝﾄｻﾈ材・T字ｼﾞｮｲﾅｰ用),ﾍﾟﾚｯﾄ,ｋｇ,,723116
S723116I00102,粉砕品原料(錫入)　白,ﾌﾝｻｲﾋﾝ,ｋｇ,,723116
S723135D00401,KSA110LT 60x520m 門真,Kｻ110LT 16,,,723135
S723135D00601,EK100KB 60×520M ﾘﾝﾃｯｸ剥離紙（黄）,EK100KB 60,,巻,723135
S723135D00701,PET75X1-VOU 220X220mm（500枚）,PET75X1-VO,枚,,723135
S723135D00702,PET75X1-VOU 350X350mm（280枚）,PET75X1-VO,枚,,723135
S723135D00801,Y-4180-04 12X33M,y-4180-04,巻,,723135
S723135D00901,PET50X1-CBD-TMO 20mm×500m（104R）,PET50X1-CB,R,,723135
S723135D00902,PET50X1-CBD-TMO 20mm×500m（208R）,PET50X1-CB,R,,723135
S723135D00903,PET50X1-CBD-TMO 20mm×500m（312R）,PET50X1-CB,R,,723135
S723135D01001,ｻﾝﾄｯｸｽRS72#70 12mmx250m ｽﾘｯﾄ加工費,ｻﾝﾄｯｸｽRS72,R,,723135
S723135D01102,HDﾎﾟﾘｾﾊﾟ0.03T　18㎜×16巻,,,,723135
S723135D01201,寺岡No.761 4mm×50m（6巻～）,,巻,,723135
S723135D01301,DIC815ECO-A 4mm×50m（6巻～）,,巻,,723135
S723135D01401,#7641（ﾃﾗｵｶ）幅4㎜×50m（20巻）,,巻,,723135
S723136D00101,ｻﾝﾄｯｸｽRW82#70 15x250m,ｻﾝﾄｯｸｽrw82,R,,723116
S723136D00102,ｻﾝﾄｯｸｽRW82#70 15X180M,ｻﾝﾄｯｸｽrw82,R,,723116
S723136D00103,ｻﾝﾄｯｸｽRW82#70 15X70M,ｻﾝﾄｯｸｽrw82,R,,723116
S723136D00201,ｻﾝﾄｯｸｽRS82#70 12x250m,ｻﾝﾄｯｸｽrw82,R,,723116
S723136D00301,ﾙﾐﾗｰS10(PETﾌｨﾙﾑ50μ)幅175×100×5R,,R,,723116
S723136D00302,ﾙﾐﾗｰS10(PETﾌｨﾙﾑ50μ)幅130×100×7R,,R,,723116
S723145B00101,WF070 18mm*50m/巻（52巻/cs）,WF070 18mm,,巻,723145
S723145B00102,WF070 13mm*50m/巻（76巻/cs）,WF070 13mm,巻,c/s,723145
S723145B00103,WF070 8mm*50m/巻（124巻/cs）,WF070 8mm,巻,c/s,723145
S723145B00104,WF070 8mm×200m巻 30巻入 ﾛｯﾄ:120巻,WF070 10mm,巻,c/s,723145
S723145B00201,WF722 8mm×30m巻　ﾛｯﾄ:62巻※単価確認,WF722,,巻,723145
S723145B00202,WF722 8mm×30m巻　ﾛｯﾄ:310巻,WF722,,巻,723145
S723145B00203,WF722 8mm×30m巻　ﾛｯﾄ:620巻※単価確,WF722,,巻,723145
S723145D00101,WF070 8mm*50m/巻（124巻/cs）,,,巻,723145
S723145D00102,WF070 13mm*50m/巻（76巻/cs）,WF070 13MM,,巻,723145
S723145D00103,WF070 18mm*50m/巻（52巻/cs）,WF-070 18M,,巻,723145
S723145D00104,WF070-1050 20m,,,,723145
S731015D00101,HLP-C,hlp-c,kg,,731015
S732065D00501,NO.507 10X100,,,,732065
S732065D00601,OPPﾃｰﾌﾟ ﾆﾁﾊﾞﾝ 50x50(透明) #640-PF,,,,732065
S732065D00602,OPPﾃｰﾌﾟ黒 50x100,,,,732065
S732065D00801,ｸﾗﾌﾄﾃｰﾌﾟ#228 50x50 緑,,,,732065
S732065D01301,ﾅｲｽﾃｰﾌﾟ50x1000 #50 (OSﾃｰﾌﾟ),,,,732065
S732065D01401,ﾆﾁﾊﾞﾝｾﾛﾃｰﾌﾟ 18x35 #405,,,,732065
S734016I00101,SPV-363ﾄｳﾒｲ 24*100 次回単価確認,ﾃｰﾌﾟ,巻,,734016
S734016I00102,SPV-C-100 ﾄｳﾒｲ 22*100,ﾃｰﾌﾟ,個,,734016
S734016I00103,SPV-C-100 ﾄｳﾒｲ 45*100,ﾃｰﾌﾟ,巻,,734016
S734072D00101,SME-55F-ﾎﾜｲﾄ(発砲),,,,734072
S734072D00201,AES-SK50-MW (023383),,,,734072
S734072D00202,AES-SK50 ｸﾛ (930229),,,,734072
S734072D00203,AES-SK50 ｱｲﾎﾞﾘｰ(IVR)023884,,,,734072
S734072D00204,AES-SK50 081947　ﾌﾞﾗｳﾝ,,,,734072
S734072I00101,SK-50 023383 ﾐﾙｷｰﾎﾜｲﾄ,SK-50,ｋｇ,ｋｇ,734072
S734072I00102,SK-50 023884 ｱｲﾎﾞﾘｰ,SK-50,ｋｇ,ｋｇ,734072
S734072I00103,SK-50 081947 ﾌﾞﾗｳﾝ,SK-50,ｋｇ,ｋｇ,734072
S734072I00104,SK-50 930229 ﾌﾞﾗｯｸ,SK-50,ｋｇ,ｋｇ,734072
S734072I00105,SK-50 HUA2540A ｼｬｲﾝｸﾞﾚｰ,SK-50,ｋｇ,ｋｇ,734072
S734166I00101,信越ｼﾘｺｰﾝ KM-785 15kg,ｼﾘｺﾝ,缶,,734166
S734225D00101,PETﾄﾘｺｯﾄ1150（c/#131）幅175mmLOT300m,,,,734225
S734225D00102,PETﾄﾘｺｯﾄ1150（c/#108）幅175mmLOT300m,,,,734225
S734225D00201,ﾊﾞｯｸﾊｰﾌEF550(T397) 幅175mmLOT500m,,,,734225
S740065D00101,剥離用ﾌｨﾙﾑ OPP50 13x1000m(IH用),,,,740065
S740065D00102,剥離用ﾌｨﾙﾑ OPP50 1000mx72巻(IH用),,,,740065
S741035D00101,ﾃｸﾉﾒﾙﾄ PS9510 (ﾛｯﾄ:100kg～),ﾃｸﾉﾒﾙﾄ,kg,,741035
S741035I00101,ALADDIN ｽﾊﾟｲﾀﾞｰｶﾞｰﾄﾞ,ALADOIN,kg,,741035
S741035I00103,ﾀﾞｲｱﾐﾄﾞ L2121W　ﾅﾁｭﾗﾙ,ﾀﾞｲｱﾐﾄﾞ L2,kg,,741035
S741035I00104,ﾃｸﾉﾒﾙﾄ PS9510 (ﾛｯﾄ:100kg～)石狩入れ,ﾃｸﾉﾒﾙﾄ,kg,,741035
S741062I00101,ARINIXⅡ NIXAM410,ARINIX,ｋｇ,,741062
S741062I00201,住友3M VHBﾃｰﾌﾟ Y4945 15W*11M,VHBﾃｰﾌﾟ,巻,巻,741062
S741101D00101,ﾊｲﾎﾞﾝXH005-6YB 10kg,ﾊｲﾎﾞﾝxh005,kg,,741101
S741101D00102,ﾊｲﾎﾞﾝ9955 20KG,ﾊｲﾎﾞﾝxh005,kg,,741101
S741152I00101,ｴｸｽﾊﾟﾝｾﾙ(930)MB120,ｴｸｽﾊﾟﾝｾﾙ,ｋｇ,,741156
S750012I00101,ﾌﾛﾛｻｰﾌ FG-3030TH-8.0,FG-3030TH,ｋｇ,,750016
S750112I00101,ﾏｽﾀﾊﾞｯﾁ DB14-28-7569 ﾚﾌﾞﾘｶﾛｰｾﾞｸﾞﾚｰ,ﾏｽﾀﾊﾞｯﾁ DB,kg,,750112
S750112I00201,消音樹脂材用ABS CHIMNEI PA-757,ｼｮｳｵﾝｼﾞｭｼｻ,kg,,750112
S752015D00101,EXP-32S160（富士黒鉛工業）ﾛｯﾄ:25kg～,EXP-32S160,kg,,752015
S752015D00102,EXP-32S160（富士黒鉛工業）ﾛｯﾄ:10kg～,EXP-32S160,kg,,752015
S752015D00201,EXP-50S150（富士黒鉛工業）ﾛｯﾄ:25kg～,EXP-50S150,kg,,752015
S752015D00202,EXP-50S150（富士黒鉛工業）ﾛｯﾄ:10kg～,EXP-32S160,kg,,752015
S752015D00203,EXP-50S150（富士黒鉛工業)ﾛｯﾄ:1000kg,EXP-50s150,kg,,752015
S752132I00101,ｱｻｸﾘﾝEX 25kg,ｱｻｸﾘﾝEX 25,袋,kg,752136
S753082I00101,(PP)粉砕ﾙｰﾀﾞｰ加工,PP,ｋｇ,,754086
S753082I00102,HD 雑色(中密度ﾎﾟﾘｴﾁﾚﾝ M-DPE),HD ｻﾞｯｼｮｸ(,ｋｇ,ｋｇ,754086
S753082I00103,再生LDPE原料 雑色,ｻｲｾｲLDPE,ｋｇ,,754086
S753082I00104,再生高圧原料（雑色）　北海樹脂,ｻｲｾｲ,ｋｇ,,754086
S760195D00101,ﾎﾞﾝﾄﾞ MU-90,,kg,kg,760195
S761071D00101,ｻﾝｱﾛｰ ATTK41-N1 ｸﾞﾚｰﾍﾞｰｼﾞｭ 200kg～,,ｋｇ,ｋｇ,761071
S761071D00102,ｻﾝｱﾛｰ ATTK41-W1 ﾎﾜｲﾄ 200kg～,,ｋｇ,ｋｇ,761071
S761071D00103,ｻﾝｱﾛｰ ATTK41-T1 ﾀﾞｰｸﾌﾞﾗｳﾝ 200kg～,,ｋｇ,ｋｇ,761071
S761071I00101,SE4545-W2　M,SE4545-W2,ｋｇ,ｋｇ,761071
S761071I00201,SE151W-W1 M,SE151W-W1,ｋｇ,ｋｇ,761071
S761071I00301,A-2330-S02 ﾌﾞﾗｯｸ　M,A-2330-S02,ｋｇ,ｋｇ,761071
S764035B00101,G297F Vｸﾘｰﾑ 9-0271,G297F,ｋｇ,,764035
S764062I00101,AES117 K-3　7D5750 ﾌﾞﾗｳﾝ 300kg未満,AES117 K-3,Kg,Kg,764066
S764062I00102,AES117 K-3　7D5750 ﾌﾞﾗｳﾝ 300g以上,AES117 K-3,Kg,Kg,764066
S764062I00103,AES117 K-3　9D8030 ﾌﾞﾗｯｸ 300kg未満,AES117 K-3,Kg,Kg,764066
S764062I00104,AES117 K-3　9D8030 ﾌﾞﾗｯｸ 300kg以上,AES117 K-3,Kg,Kg,764066
S764062I00105,AES117 K-3　CB4310 ｱｲﾎﾞﾘｰ 300kg未満,AES117 K-3,Kg,Kg,764066
S764062I00106,AES117 K-3　CB4310 ｱｲﾎﾞﾘｰ 300kg以上,AES117 K-3,Kg,Kg,764066
S764062I00107,AES117 K-3 MADT90 ｼｬｲﾝｸﾞﾚｰ 300kg未満,AES117 K-3,Kg,Kg,764066
S764062I00108,AES117 K-3 MADT90 ｼｬｲﾝｸﾞﾚｰ 300kg以上,AES117 K-3,Kg,Kg,764066
S764062I00109,AES117 K-3　OD7960 ﾎﾜｲﾄ 300kg未満,AES117 K-3,Kg,Kg,764066
S764062I00110,AES117 K-3　OD7960 ﾎﾜｲﾄ 300kg以上,AES117 K-3,Kg,Kg,764066
S764062I00201,EV-560 NA (ｴﾊﾞﾌﾚｯｸｽ),EV-560,ｋｇ,,764066
S764062I00301,HZﾐﾘｵﾝ 240S,HZﾐﾘｵﾝ,ｋｇ,,764066
S764062I00401,ﾐﾗｽﾄﾏｰ6030B,ﾐﾗｽﾄﾏｰ,ｋｇ,,764066
S764062I00402,ﾐﾗｽﾄﾏｰM2400B,ﾐﾗｽﾄﾏｰ,ｋｇ,,764066
S770091D00101,ﾆﾄﾑｽﾞ向ﾛｰﾗｰ原料,ﾆﾄﾑｽﾞﾑｹﾛｰﾗ,kg,,770051
