商品ｺｰﾄﾞ,商品名,商品名索引,単位,得意先(検索)ｺｰﾄﾞ,得意先(検索)名,,
700031D001001,すきま風防止ﾃｰﾌﾟｸﾘｱ H-2101用 A40400A,ｽｷﾏｶｾﾞﾎﾞｳｼ,枚,70031,ｱｰﾙ,"
",
700151K001001,RIGID-PIN E2A0522-4,ﾘｼﾞｯﾄﾞﾋﾟﾝ,個,770012,安達新産業,"
",
700201D001001,目隠ｼﾌｪﾝｽ用3ﾐﾘﾊﾟﾈﾙ用ﾋﾞｰﾄﾞ 100m巻 W,ﾒｶｸｼﾌｪﾝｽﾖｳ,巻,70020,朝日ｽﾁｰﾙ工業,"
",
700201D001002,目隠ｼﾌｪﾝｽ用3ﾐﾘﾊﾟﾈﾙ用ﾋﾞｰﾄﾞ 100m巻 DBR,ﾒｶｸｼﾌｪﾝｽﾖｳ,巻,70020,朝日ｽﾁｰﾙ工業,"
",
700201D001003,目隠ｼﾌｪﾝｽ用3ﾐﾘﾊﾟﾈﾙ用ﾋﾞｰﾄﾞ100m巻 GLBE,ﾒｶｸｼﾌｪﾝｽﾖｳ,巻,70020,朝日ｽﾁｰﾙ工業,"
",
701041D001001,TKZP10 H13-40W10 50Mx15R,tkzp10 h13,,701041,伊藤忠ﾌﾟﾗ,"
",
701041D002001,ｹｰﾌﾞﾙﾍﾞﾔ TKZP10H13-40W10(50M),ｹ,M,701041,伊藤忠ﾌﾟﾗ,"
",
701041D002002,ｹｰﾌﾞﾙﾍﾞﾔ TKZP10H13-40W15(50M),ｹ,M,701041,伊藤忠ﾌﾟﾗ,"
",
701041D002003,ｹｰﾌﾞﾙﾍﾞﾔ TKZP10H13-40W20(30M),ｹ,M,701041,伊藤忠ﾌﾟﾗ,"
",
701041D003001,ｹｰﾌﾞﾙﾍﾞﾔ TKZP10H13-40W25(30M),ｹ,M,701041,伊藤忠ﾌﾟﾗ,"
",
701041D003002,ﾄﾑｿﾝ刃 押出ｹｰﾌﾞﾙﾍﾞｱ W20 追加工用,ﾄﾑｿﾝﾊｵｼﾀﾞｼ,,701041,伊藤忠ﾌﾟﾗ,"
",
701041D003003,ﾄﾑｿﾝ刃 押出ｹｰﾌﾞﾙﾍﾞｱ W25 追加工用,ﾄﾑｿﾝﾊ ｵｼﾀﾞ,,701041,伊藤忠ﾌﾟﾗ,"
",
701041D004001,押出ﾍﾞｱ TKZP W20/金型,,式,701041,伊藤忠ﾌﾟﾗ,"
",
701041D004002,押出ﾍﾞｱ TKZP W25/金型,ｵｼﾀﾞｼﾍﾞｱ T,式,701041,伊藤忠ﾌﾟﾗ,"
",
701041D004003,押出ﾍﾞｱ(ｼﾞｯﾊﾟｰ3層押出成形品W20 20x13,ｵｼﾀｼﾍﾞｱ(ｼﾞ,ｍ,701041,伊藤忠ﾌﾟﾗ,"
",
701041D004004,押出ﾍﾞｱ(ｼﾞｯﾊﾟｰ3層押出成形品W25 25x13,ｵｼﾀｼﾍﾞｱ(ｼﾞ,ｍ,701041,伊藤忠ﾌﾟﾗ,"
",
701041D004005,押出ﾍﾞﾔ TKZP 10H13-40W10,,,701041,伊藤忠ﾌﾟﾗ,"
",
701041D004006,押出ﾍﾞﾔ TKZP10H13-40W15(50m),,,701041,伊藤忠ﾌﾟﾗ,"
",
703062I001001,PCﾊﾟｲﾌﾟ25φ t=0.9 500本/回,PCﾊﾟｲﾌﾟ25,本,703062,エービーシステム㈱,"
",
703062I001002,PCﾊﾟｲﾌﾟ25φ t=0.9 1000本/回,PCﾊﾟｲﾌﾟ25,本,703062,エービーシステム㈱,"
",
703062I001003,PCﾊﾟｲﾌﾟ25φ t=0.9 3000本/回,PCﾊﾟｲﾌﾟ25,本,703062,エービーシステム㈱,"
",
703062I001004,PCﾊﾟｲﾌﾟ25φ t=0.9 10000本/回,PCﾊﾟｲﾌﾟ25,本,703062,エービーシステム㈱,"
",
703141D001001,2mm板用ｴｯｼﾞｶﾊﾞｰ(粘着付)L=1250,2mm｣ｲﾀﾖｳｴｯ,本,,,"
",
703141D001002,2mm板用ｴｯｼﾞｶﾊﾞｰ(粘着付)L=1260,2mm｣ｲﾀﾖｳｴｯ,本,,,"
",
703141D001003,2mm板用ｴｯｼﾞｶﾊﾞｰ(粘着付)L=1550,2mm｣ｲﾀﾖｳｴｯ,本,,,"
",
711092I001001,F-201LEDｶﾊﾞｰK-1003 L=1220(乳白)/500,K-201 LEDｶ,本,711092,KISCO,"
",
711092I001002,F-201LEDｶﾊﾞｰK-1003 L=1220(乳白)/1000,K-201 LEDｶ,本,711092,KISCO,"
",
711092I001003,F-201LEDｶﾊﾞｰK-1003 L=1220(乳白)/2000,K-201 LEDｶ,本,711092,KISCO,"
",
711092I001004,F-201LEDｶﾊﾞｰK-1003 L=1220(乳白)/6000,K-201 LEDｶ,本,711092,KISCO,"
",
711092I002001,FP-002 LEDｶﾊﾞｰ L=1245 乳白/1000本,FP-002 LED,本,711092,KISCO,"
",
711092I003001,K-201LEDｶﾊﾞｰ K-1003 L=1220 ｸﾘｱ/1000,K-201 LEDｶ,本,711092,KISCO,"
",
711092I003002,K-201LEDｶﾊﾞｰ K-1003 L=1220 ｸﾘｱ/2000,K-201 LEDｶ,本,711092,KISCO,"
",
711092I003003,K-201LEDｶﾊﾞｰ K-1003 L=1220 ｸﾘｱ/6000,K-201 LEDｶ,本,711092,KISCO,"
",
711092I004001,FP-12-2 LEDｶﾊﾞｰ L=138 切断加工,fp-12-2 ｪd,本,711092,KISCO,"
",
711171I001004,人通孔ﾊﾟｯｷﾝ ｴﾝﾄﾞﾚｽ用 200m,ｼﾞﾝﾂｳｺｳ,m,,,"
",
712061D008001,"""36330-63331ﾎｺﾞｺﾞﾑPSﾊﾟｲﾌﾟ1袋(10","000以""",,,712061,ｸﾘﾔﾏOEM,"
"
712122I006002,"""ｶﾞﾗｽﾗｲﾅｰ 1.5mm L=53 ｶｯﾄ 50","000個~""",ｶﾞﾗｽﾗｲﾅｰ,個,712122,ｸﾚﾄｲｼ,"
"
712122I007002,"""ｶﾞﾗｽﾗｲﾅｰ 2.0mm L=53 ｶｯﾄ 50","000個~""",ｶﾞﾗｽﾗｲﾅｰ,個,712122,ｸﾚﾄｲｼ,"
"
712122I008002,"""ｶﾞﾗｽﾗｲﾅｰ 3.0mm L=53 ｶｯﾄ 50","000個~""",ｶﾞﾗｽﾗｲﾅｰ,個,712122,ｸﾚﾄｲｼ,"
"
714062I001001,LEDｲﾚｰｻﾚﾝｽﾞ MCS-0264HK 321L /500本,LEDｲﾚｰｻ,本,714062,ｺｰﾃﾞﾝｼDH㈱,"
",
714062I001002,LEDｲﾚｰｻﾚﾝｽﾞ MCS-0264HK 321L /1000本,LEDｲﾚｰｻ,本,714062,ｺｰﾃﾞﾝｼDH㈱,"
",
714062I001003,LEDｲﾚｰｻﾚﾝｽﾞ MCS-0264HK 321L /1500本,LEDｲﾚｰｻ,本,714062,ｺｰﾃﾞﾝｼDH㈱,"
",
714062I001004,LEDｲﾚｰｻﾚﾝｽﾞ MCS-0264HK 321L /3000本,LEDｲﾚｰｻ,本,714062,ｺｰﾃﾞﾝｼDH㈱,"
",
714062I001005,LEDｲﾚｰｻﾚﾝｽﾞ MCS-0264HK 321L /4500本,LEDｲﾚｰｻ,本,714062,ｺｰﾃﾞﾝｼDH㈱,"
",
714101I001001,H型救急箱 仕切り板L=213.5 (金剛化学),,本,714101,金剛化学,"
",
720092I001001,110000AA押縁3-12-3W L=4090(4800本),ｵｼﾌﾞﾁ,本,720092,ｻﾝ･ｱﾛｰ化成,"
",
720092I002001,110020AA押縁5-12-5W L=4110 (4800本),ｵｼﾌﾞﾁ,本,720092,ｻﾝ･ｱﾛｰ化成,"
",
720092I003001,11010000開き押縁ｱﾀｯﾁﾒﾝﾄ L=4000,ｵｼﾌﾞﾁｱﾀｯﾁﾒ,本,720092,ｻﾝ･ｱﾛｰ化成,"
",
720092I004001,114100LLｽﾛｰﾌﾟ型見切縁(上)L=3600白木,ｽﾛｰﾌﾟｶﾞﾀﾐｷ,本,720092,ｻﾝ･ｱﾛｰ化成,"
",
720092I004002,114100MMｽﾛｰﾌﾟ型見切縁(上)L=3600ﾁｪﾘｰ,ｽﾛｰﾌﾟｶﾞﾀﾐｷ,本,720092,ｻﾝ･ｱﾛｰ化成,"
",
720092I004003,114100NNｽﾛｰﾌﾟ型見切縁(上)L=3600ｳｫｰﾙ,ｽﾛｰﾌﾟｶﾞﾀﾐｷ,本,720092,ｻﾝ･ｱﾛｰ化成,"
",
720092I004004,114100RRｽﾛｰﾌﾟ型見切縁(上)L=3600ｸﾘｰﾐｰ,ｽﾛｰﾌﾟｶﾞﾀﾐｷ,本,720092,ｻﾝ･ｱﾛｰ化成,"
",
720092I004005,114100BBｽﾛｰﾌﾟ型見切縁(上)L=3600ﾌﾞﾗｯｸ,ｽﾛｰﾌﾟｶﾞﾀﾐｷ,本,720092,ｻﾝ･ｱﾛｰ化成,"
",
720092I005001,130030AA NA押縁31mm用 W L=4000,31mm,本,720092,ｻﾝ･ｱﾛｰ化成,"
",
720092I005002,130030FF NA押縁31mm用 CK L=4000 X,31mm,本,720092,ｻﾝ･ｱﾛｰ化成,"
",
720092I005003,130030JJ NA押縁31mm用 RSK L=4000 X,31mm,本,720092,ｻﾝ･ｱﾛｰ化成,"
",
720092I005004,130030KK NA押縁31mm用 BHK L=4000 X,31mm,本,720092,ｻﾝ･ｱﾛｰ化成,"
",
720092I005005,130030ZZ NA押縁31mm用 OBK L=4000 X,31mm,本,720092,ｻﾝ･ｱﾛｰ化成,"
",
720092I005011,130030FF NA押縁31mm用 CK L=4000,31mm,本,720092,ｻﾝ･ｱﾛｰ化成,"
",
720092I005012,130030JJ NA押縁31mm用 RSK L=4000,31mm,本,720092,ｻﾝ･ｱﾛｰ化成,"
",
720092I005013,130030KK NA押縁31mm用 BHK L=4000,31mm,本,720092,ｻﾝ･ｱﾛｰ化成,"
",
720092I005014,130030ZZ NA押縁31mm用 OBK L=4000,31mm,本,720092,ｻﾝ･ｱﾛｰ化成,"
",
720092I006001,12A000 NA上枠ﾚｰﾙｶﾊﾞｰ　800m以下,NAｳﾜﾜｸﾚｰﾙ,本,720092,ｻﾝ･ｱﾛｰ化成,"
",
720092I006002,12A000** NA上枠ﾚｰﾙｶﾊﾞｰ L=3500 （　),NAｳﾜﾜｸﾚｰﾙ,本,720092,ｻﾝ･ｱﾛｰ化成,"
",
720092I006003,12A000FA NA上枠ﾚｰﾙｶﾊﾞｰ L=3000　CW,NAｳﾜﾜｸﾚｰﾙ,本,720092,ｻﾝ･ｱﾛｰ化成,"
",
720092I006004,12A000FL NA上枠ﾚｰﾙｶﾊﾞｰ L=3000　CS,NAｳﾜﾜｸﾚｰﾙ,本,720092,ｻﾝ･ｱﾛｰ化成,"
",
720092I006005,12A000FM NA上枠ﾚｰﾙｶﾊﾞｰ L=3000　CC,NAｳﾜﾜｸﾚｰﾙ,本,720092,ｻﾝ･ｱﾛｰ化成,"
",
720092I006006,12A000FS NA上枠ﾚｰﾙｶﾊﾞｰ L=3000　CL,NAｳﾜﾜｸﾚｰﾙ,本,720092,ｻﾝ･ｱﾛｰ化成,"
",
720092I006007,12A000FT NA上枠ﾚｰﾙｶﾊﾞｰ L=3000　CM,NAｳﾜﾜｸﾚｰﾙ,本,720092,ｻﾝ･ｱﾛｰ化成,"
",
720092I006008,12A000GA NA上枠ﾚｰﾙｶﾊﾞｰ L=3000　FW,NAｳﾜﾜｸﾚｰﾙ,本,720092,ｻﾝ･ｱﾛｰ化成,"
",
720092I006009,12A000GL NA上枠ﾚｰﾙｶﾊﾞｰ L=3000　FS,NAｳﾜﾜｸﾚｰﾙ,本,720092,ｻﾝ･ｱﾛｰ化成,"
",
720092I006010,12A000GM NA上枠ﾚｰﾙｶﾊﾞｰ L=3000　FC,NAｳﾜﾜｸﾚｰﾙ,本,720092,ｻﾝ･ｱﾛｰ化成,"
",
720092I006011,12A000GN NA上枠ﾚｰﾙｶﾊﾞｰ L=3000　FU,NAｳﾜﾜｸﾚｰﾙ,本,720092,ｻﾝ･ｱﾛｰ化成,"
",
720092I006012,12A000HA NA上枠ﾚｰﾙｶﾊﾞｰ L=3000　RW,NAｳﾜﾜｸﾚｰﾙ,本,720092,ｻﾝ･ｱﾛｰ化成,"
",
720092I006013,12A000HL NA上枠ﾚｰﾙｶﾊﾞｰ L=3000　RS,NAｳﾜﾜｸﾚｰﾙ,本,720092,ｻﾝ･ｱﾛｰ化成,"
",
720092I006014,12A000HM NA上枠ﾚｰﾙｶﾊﾞｰ L=3000　RC,NAｳﾜﾜｸﾚｰﾙ,本,720092,ｻﾝ･ｱﾛｰ化成,"
",
720092I006015,12A000HN NA上枠ﾚｰﾙｶﾊﾞｰ L=3000　RU,NAｳﾜﾜｸﾚｰﾙ,本,720092,ｻﾝ･ｱﾛｰ化成,"
",
720092I006016,12A000JA NA上枠ﾚｰﾙｶﾊﾞｰ L=3000　LW,NAｳﾜﾜｸﾚｰﾙ,本,720092,ｻﾝ･ｱﾛｰ化成,"
",
720092I006017,12A000JQ NA上枠ﾚｰﾙｶﾊﾞｰ L=3000　RSR,NAｳﾜﾜｸﾚｰﾙ,本,720092,ｻﾝ･ｱﾛｰ化成,"
",
720092I006018,12A000JS NA上枠ﾚｰﾙｶﾊﾞｰ L=3000　LL,NAｳﾜﾜｸﾚｰﾙ,本,720092,ｻﾝ･ｱﾛｰ化成,"
",
720092I006019,12A000JT NA上枠ﾚｰﾙｶﾊﾞｰ L=3000　LM,NAｳﾜﾜｸﾚｰﾙ,本,720092,ｻﾝ･ｱﾛｰ化成,"
",
720092I006020,12A000JU NA上枠ﾚｰﾙｶﾊﾞｰ L=3000　LD,NAｳﾜﾜｸﾚｰﾙ,本,720092,ｻﾝ･ｱﾛｰ化成,"
",
720092I006021,12A000KA NA上枠ﾚｰﾙｶﾊﾞｰ L=3000　BH,NAｳﾜﾜｸﾚｰﾙ,本,720092,ｻﾝ･ｱﾛｰ化成,"
",
720092I006022,12A000KS NA上枠ﾚｰﾙｶﾊﾞｰ L=3000　BL,NAｳﾜﾜｸﾚｰﾙ,本,720092,ｻﾝ･ｱﾛｰ化成,"
",
720092I006023,12A000KT NA上枠ﾚｰﾙｶﾊﾞｰ L=3000　BM,NAｳﾜﾜｸﾚｰﾙ,本,720092,ｻﾝ･ｱﾛｰ化成,"
",
720092I006024,12A000LA NA上枠ﾚｰﾙｶﾊﾞｰ L=3000　TW,NAｳﾜﾜｸﾚｰﾙ,本,720092,ｻﾝ･ｱﾛｰ化成,"
",
720092I007001,X 13F05099上枠ﾚｰﾙｶﾊﾞｰ(白) L=2000 X,ｳﾜﾜｸﾚｰﾙｶﾊﾞ,本,720092,ｻﾝ･ｱﾛｰ化成,"
",
720092I007002,X 13F12099上枠ﾚｰﾙｶﾊﾞｰ (白) L=3500 X,ｳﾜﾜｸﾚｰﾙ,本,720092,ｻﾝ･ｱﾛｰ化成,"
",
720092I007003,13F13099上枠ﾚｰﾙｶﾊﾞｰ(黒) L=2000,ｳﾜﾜｸﾚｰﾙｶﾊﾞ,本,720092,ｻﾝ･ｱﾛｰ化成,"
",
720092I007004,13F13099上枠ﾚｰﾙｶﾊﾞｰ (黒) L=3500,ｳﾜﾜｸﾚｰﾙ,本,720092,ｻﾝ･ｱﾛｰ化成,"
",
720092I007005,13F14099上枠ﾚｰﾙｶﾊﾞｰ(ﾌｧｲﾝｸﾞﾚｰ) L=2000,ｳﾜﾜｸﾚｰﾙ,本,720092,ｻﾝ･ｱﾛｰ化成,"
",
720092I007006,13F1409上枠ﾚｰﾙｶﾊﾞｰ (ﾌｧｲﾝｸﾞﾚｰ) L=3500,ｳﾜﾜｸﾚｰﾙ,本,720092,ｻﾝ･ｱﾛｰ化成,"
",
720092I007007,13F15099上枠ﾚｰﾙｶﾊﾞｰ(白木) L=2000,ｳﾜﾜｸﾚｰﾙｶﾊﾞ,本,720092,ｻﾝ･ｱﾛｰ化成,"
",
720092I007008,13F15099上枠ﾚｰﾙｶﾊﾞｰ (白木) L=3500,ｳﾜﾜｸﾚｰﾙ,本,720092,ｻﾝ･ｱﾛｰ化成,"
",
720092I007009,13F16099上枠ﾚｰﾙｶﾊﾞｰ(ﾁｪﾘｰ) L=2000,ｳﾜﾜｸﾚｰﾙ,本,720092,ｻﾝ･ｱﾛｰ化成,"
",
720092I007010,13F16099上枠ﾚｰﾙｶﾊﾞｰ (ﾁｪﾘｰ) L=3500,ｳﾜﾜｸﾚｰﾙ,本,720092,ｻﾝ･ｱﾛｰ化成,"
",
720092I007011,13F17099上枠ﾚｰﾙｶﾊﾞｰ(ｳｫｰﾙﾅｯﾄ) L=2000,ｳﾜﾜｸﾚｰﾙ,本,720092,ｻﾝ･ｱﾛｰ化成,"
",
720092I007012,13F17099上枠ﾚｰﾙｶﾊﾞｰ (ｳｫｰﾙﾅｯﾄ) L=3500,ｳﾜﾜｸﾚｰﾙ,本,720092,ｻﾝ･ｱﾛｰ化成,"
",
720092I007013,13F18099上枠ﾚｰﾙｶﾊﾞｰ(ﾘｰｾﾝﾄｼﾙﾊﾞ)L=2000,ｳﾜﾜｸﾚｰﾙ,本,720092,ｻﾝ･ｱﾛｰ化成,"
",
720092I007014,13F18099上枠ﾚｰﾙｶﾊﾞｰ(ﾘｰｾﾝﾄｼﾙﾊﾞ)L=3000,ｳﾜﾜｸﾚｰﾙ,本,720092,ｻﾝ･ｱﾛｰ化成,"
",
720092I007015,13F18099上枠ﾚｰﾙｶﾊﾞ(ﾘｰｾﾝﾄｼﾙﾊﾞ)L=3500,ｳﾜﾜｸﾚｰﾙ,本,720092,ｻﾝ･ｱﾛｰ化成,"
",
720092I007016,上枠ﾚｰﾙｶﾊﾞｰ (ﾀﾞｰｸｳｯﾄﾞ) L=3500,ｳﾜﾜｸﾚｰﾙ,本,720092,ｻﾝ･ｱﾛｰ化成,"
",
720092I007017,13F05099上枠ﾚｰﾙｶﾊﾞｰ W L=2000 栗･東,ｳﾜﾜｸﾚｰﾙｶﾊﾞ,本,720092,ｻﾝ･ｱﾛｰ化成,"
",
720092I007018,13F05099上枠ﾚｰﾙｶﾊﾞｰ W L=2000 相,ｳﾜﾜｸﾚｰﾙｶﾊﾞ,本,720092,ｻﾝ･ｱﾛｰ化成,"
",
720092I007019,13F12099上枠ﾚｰﾙｶﾊﾞｰ W L=3500 栗･東,ｳﾜﾜｸﾚｰﾙ,本,720092,ｻﾝ･ｱﾛｰ化成,"
",
720092I007020,13F12099上枠ﾚｰﾙｶﾊﾞｰ W L=3500 相,ｳﾜﾜｸﾚｰﾙ,本,720092,ｻﾝ･ｱﾛｰ化成,"
",
720092I008001,13F02099ﾚｰﾙｶﾊﾞｰ(小),ﾚｰﾙｶﾊﾞｰ,本,720092,ｻﾝ･ｱﾛｰ化成,"
",
720092I009001,175100AA補助縦枠(白) L=3650　道内,ﾎｼﾞｮﾀﾃﾜｸ,本,720092,ｻﾝ･ｱﾛｰ化成,"
",
720092I009002,175100AA補助縦枠(白) L=3650　道外,ﾎｼﾞｮﾀﾃﾜｸ,本,720092,ｻﾝ･ｱﾛｰ化成,"
",
720092I009003,175100AA補助縦枠 L=3650　色物道内,ﾎｼﾞｮﾀﾃﾜｸ,本,720092,ｻﾝ･ｱﾛｰ化成,"
",
720092I009004,175100AA補助縦枠 L=3650　色物　道外,ﾎｼﾞｮﾀﾃﾜｸ,本,720092,ｻﾝ･ｱﾛｰ化成,"
",
720092I010001,1770　ｶﾞｲﾄﾞﾚｰﾙAT,ｶﾞｲﾄﾞﾚｰﾙ,ｍ,720092,ｻﾝ･ｱﾛｰ化成,"
",
720092I010002,177020AA ｶﾞｲﾄﾞﾚｰﾙAT L=1760 W,31mm,本,720092,ｻﾝ･ｱﾛｰ化成,"
",
720092I010003,177020MMｶﾞｲﾄﾞﾚｰﾙAT(ﾁｪﾘｰ),ｶﾞｲﾄﾞﾚｰﾙ,ｍ,720092,ｻﾝ･ｱﾛｰ化成,"
",
720092I010004,177010　ｶﾞｲﾄﾞﾚｰﾙAT(色物),ｶﾞｲﾄﾞﾚｰﾙ,ｍ,720092,ｻﾝ･ｱﾛｰ化成,"
",
720092I010005,17700 ｶﾞｲﾄﾞﾚｰﾙAT木粉入,ｶﾞｲﾄﾞﾚｰﾙ,本,720092,ｻﾝ･ｱﾛｰ化成,"
",
720092I011001,178000AA水切りｶﾊﾞｰ(W) L=2500　道内,ﾐｽﾞｷﾘｶﾊﾞｰ,本,720092,ｻﾝ･ｱﾛｰ化成,"
",
720092I011002,178000AA水切りｶﾊﾞｰ(W) L=2500　道外,ﾐｽﾞｷﾘｶﾊﾞｰ,本,720092,ｻﾝ･ｱﾛｰ化成,"
",
720092I012001,179000AA枠ｶﾊﾞｰ(白) L=1600,ﾜｸｶﾊﾞｰ,本,720092,ｻﾝ･ｱﾛｰ化成,"
",
720092I012002,179000枠ｶﾊﾞｰL=1600 色物,ﾜｸｶﾊﾞｰ,本,720092,ｻﾝ･ｱﾛｰ化成,"
",
720092I012003,179000　枠ｶﾊﾞｰL=1600 新色,ﾜｸｶﾊﾞｰ,本,720092,ｻﾝ･ｱﾛｰ化成,"
",
720092I012004,枠ｶﾊﾞｰL=1600　(木粉入り),ﾜｸｶﾊﾞｰ,本,720092,ｻﾝ･ｱﾛｰ化成,"
",
720092I012005,179000BB 枠ｶﾊﾞｰ L=1600 ｽﾁｰﾙﾌﾞﾗｯｸ,ﾜｸｶﾊﾞｰ,本,720092,ｻﾝ･ｱﾛｰ化成,"
",
720092I013001,ｱｸｾﾝﾄｻｯｼ丸窓額縁用枠ｶﾊﾞｰ 白,ｱｸｾﾝﾄﾏﾙﾏﾄﾞ,式,720092,ｻﾝ･ｱﾛｰ化成,"
",
720092I014001,179100AA内部ｶﾊﾞ- L=3650　道内,ﾜｸｶﾊﾞｰ,本,720092,ｻﾝ･ｱﾛｰ化成,"
",
720092I014002,179100AA内部ｶﾊﾞｰ L=3650　道外,ﾅｲﾌﾞｶﾊﾞｰ,本,720092,ｻﾝ･ｱﾛｰ化成,"
",
720092I014003,179100AA内部ｶﾊﾞｰ L=3650 色物　道内,ﾅｲﾌﾞｶﾊﾞｰ,本,720092,ｻﾝ･ｱﾛｰ化成,"
",
720092I014004,179100AA内部ｶﾊﾞｰ L=3650 色物　道外,ｶﾊﾞｰ,本,720092,ｻﾝ･ｱﾛｰ化成,"
",
720092I014005,179100BB 内部ｶﾊﾞｰ L=3650 ｽﾁｰﾙﾌﾞﾗｯｸ I,ﾅｲﾌﾞｶﾊﾞｰ,本,720092,ｻﾝ･ｱﾛｰ化成,"
",
720092I014006,179100BB 内部ｶﾊﾞｰ L=3650 ｽﾁｰﾙﾌﾞﾗｯｸ O,ｶﾊﾞｰ,本,720092,ｻﾝ･ｱﾛｰ化成,"
",
720092I015001,20043000戸当り気密材 枠用 ひれ式 I,ﾄｱﾀﾘｷﾐﾂｻﾞｲ,ｍ,720092,ｻﾝ･ｱﾛｰ化成,"
",
720092I015002,20043000戸当り気密材 枠用 ひれ式 O,ﾄｱﾀﾘｷﾐﾂｻﾞｲ,ｍ,720092,ｻﾝ･ｱﾛｰ化成,"
",
720092I015003,20043000戸当り気密材 ひれ状(ｼﾘｺﾝ) I,ﾄｱﾀﾘｷﾐﾂｻﾞｲ,ｍ,720092,ｻﾝ･ｱﾛｰ化成,"
",
720092I015004,20043000戸当り気密材 ひれ状(ｼﾘｺﾝ) O,ﾄｱﾀﾘｷﾐﾂｻﾞｲ,ｍ,720092,ｻﾝ･ｱﾛｰ化成,"
",
720092I015005,20043000戸当り気密材 ひれ状(袋付) I,ﾄｱﾀﾘｷﾐﾂｻﾞｲ,ｍ,720092,ｻﾝ･ｱﾛｰ化成,"
",
720092I015006,20043000戸当り気密材枠用 ﾋﾚ式 袋付 O,ﾄｱﾀﾘｷﾐﾂｻﾞｲ,ｍ,720092,ｻﾝ･ｱﾛｰ化成,"
",
720092I015007,MK20043000戸当り気密材 枠用 ひれ式,ﾄｱﾀﾘｷﾐﾂｻﾞｲ,ｍ,720092,ｻﾝ･ｱﾛｰ化成,"
",
720092I016001,20044000ｶﾞﾗｽﾋﾞｰﾄﾞ3-E　I,3-E,ｍ,720092,ｻﾝ･ｱﾛｰ化成,"
",
720092I016002,20044000ｶﾞﾗｽﾋﾞｰﾄﾞ3-E　O,3-E,ｍ,720092,ｻﾝ･ｱﾛｰ化成,"
",
720092I016003,20044000ｶﾞﾗｽﾋﾞｰﾄﾞ3-E(袋付) I,ｶﾞﾗｽﾋﾞｰﾄﾞ3,ｍ,720092,ｻﾝ･ｱﾛｰ化成,"
",
720092I016004,20044000ｶﾞﾗｽﾋﾞｰﾄﾞ3-E(袋付) O,ｶﾞﾗｽﾋﾞｰﾄﾞ3,ｍ,720092,ｻﾝ･ｱﾛｰ化成,"
",
720092I017001,20044100ｶﾞﾗｽﾋﾞｰﾄﾞ4.5ﾐﾘC　I,4.5,ｍ,720092,ｻﾝ･ｱﾛｰ化成,"
",
720092I017002,20044100ｶﾞﾗｽﾋﾞｰﾄﾞ4.5ﾐﾘC　O,4.5,ｍ,720092,ｻﾝ･ｱﾛｰ化成,"
",
720092I018001,20044200開き用ｶﾞﾗｽ押えﾋﾞｰﾄﾞ(3)-A I,ｶﾞﾗｽｵｻｴﾋﾞｰ,ｍ,720092,ｻﾝ･ｱﾛｰ化成,"
",
720092I018002,20044200開き用ｶﾞﾗｽ押えﾋﾞｰﾄﾞ(3)-A O,ｶﾞﾗｽｵｻｴﾋﾞｰ,ｍ,720092,ｻﾝ･ｱﾛｰ化成,"
",
720092I019001,20044300開きﾄﾘﾌﾟﾙ用ｶﾞﾗｽ押えﾋﾞｰﾄﾞ I X,ﾄﾘﾌﾟﾙﾖｳﾋﾗｷ,ｍ,720092,ｻﾝ･ｱﾛｰ化成,"
",
720092I019002,20044300開きﾄﾘﾌﾟﾙ用ｶﾞﾗｽ押えﾋﾞｰﾄﾞ O X,ﾄﾘﾌﾟﾙﾖｳﾋﾗｷ,ｍ,720092,ｻﾝ･ｱﾛｰ化成,"
",
720092I019003,20044300開きﾄﾘﾌﾟﾙ用ﾋﾞｰﾄﾞ (200m) I,ﾄﾘﾌﾟﾙﾖｳﾋﾗｷ,ｍ,720092,ｻﾝ･ｱﾛｰ化成,"
",
720092I019004,20044300開きﾄﾘﾌﾟﾙ用ﾋﾞｰﾄﾞ (200m) O,ﾄﾘﾌﾟﾙﾖｳﾋﾗｷ,ｍ,720092,ｻﾝ･ｱﾛｰ化成,"
",
720092I020001,20044500ｾﾝﾀｰｼｰﾙA L=2700 (軟質)ｱﾆｰﾙ済,ｾﾝﾀｰｼｰﾙA,本,720092,ｻﾝ･ｱﾛｰ化成,"
",
720092I020002,20044500ｾﾝﾀｰｼｰﾙA L=2700 運賃込,ｾﾝﾀｰｼｰﾙA,本,720092,ｻﾝ･ｱﾛｰ化成,"
",
720092I020011,200445HH ｾﾝﾀｰｼｰﾙA (ﾌﾞﾗｳﾝ) L=2700,ｾﾝﾀｰｼｰﾙA,本,720092,ｻﾝ･ｱﾛｰ化成,"
",
720092I021001,20053100下框排水ﾊﾟｲﾌﾟ L=61 本社100個,ｼﾀｶﾏﾁﾊｲｽｲ,本,720092,ｻﾝ･ｱﾛｰ化成,"
",
720092I022001,20054000硝子受台8*25*40 A-40(ﾃｻ) I,A-40,個,720092,ｻﾝ･ｱﾛｰ化成,"
",
720092I022002,20054000硝子受台8*25*40 A-40(ﾃｻ) O,A-40,個,720092,ｻﾝ･ｱﾛｰ化成,"
",
720092I022003,20054000硝子受台8*25*40 A-40(日東) I,A-40,個,720092,ｻﾝ･ｱﾛｰ化成,"
",
720092I022004,20054000硝子受台8*25*40 A-40(日東) O,A-40,個,720092,ｻﾝ･ｱﾛｰ化成,"
",
720092I023001,20054100硝子受台8*25*65 A-65(ﾃｻ) I,A-65,個,720092,ｻﾝ･ｱﾛｰ化成,"
",
720092I023002,20054100硝子受台8*25*65 A-65(ﾃｻ) O,A-65,個,720092,ｻﾝ･ｱﾛｰ化成,"
",
720092I024001,20054200硝子受台8*25*120 A-120(ﾃｻ) I,A-120,個,720092,ｻﾝ･ｱﾛｰ化成,"
",
720092I024002,20054200硝子受台8*25*120 A-120(ﾃｻ) O,A-120,個,720092,ｻﾝ･ｱﾛｰ化成,"
",
720092I025001,20054300硝子受台8*29*40 B-40(ﾃｻ) I,B-40,個,720092,ｻﾝ･ｱﾛｰ化成,"
",
720092I025002,20054300硝子受台8*29*40 B-40(ﾃｻ) O,B-40,個,720092,ｻﾝ･ｱﾛｰ化成,"
",
720092I025003,20054300硝子受台8*29*40 B-40(日東) I,B-40,個,720092,ｻﾝ･ｱﾛｰ化成,"
",
720092I025004,20054300硝子受台8*29*40 B-40(日東) O,B-40,個,720092,ｻﾝ･ｱﾛｰ化成,"
",
720092I026001,20054400硝子受台8*29*65 B-65(ﾃｻ) I,B-65,個,720092,ｻﾝ･ｱﾛｰ化成,"
",
720092I026002,20054400硝子受台8*29*65 B-65(ﾃｻ) O,B-65,個,720092,ｻﾝ･ｱﾛｰ化成,"
",
720092I026003,20054400硝子受台8*29*65 B-65(日東) I,B-65,個,720092,ｻﾝ･ｱﾛｰ化成,"
",
720092I026004,20054400硝子受台8*29*65 B-65(日東) O,B-65,個,720092,ｻﾝ･ｱﾛｰ化成,"
",
720092I027001,20054500硝子受台8*29*120 B-120(ﾃｻ) I,B-120,個,720092,ｻﾝ･ｱﾛｰ化成,"
",
720092I027002,20054500硝子受台8*29*120 B-120(ﾃｻ) O,B-120,個,720092,ｻﾝ･ｱﾛｰ化成,"
",
720092I028001,20054600硝子受台8*33*40 C-40(ﾃｻ) I,C-40,個,720092,ｻﾝ･ｱﾛｰ化成,"
",
720092I028002,20054600硝子受台8*33*40 C-40(ﾃｻ) O,C-40,個,720092,ｻﾝ･ｱﾛｰ化成,"
",
720092I028003,20054600硝子受台8*33*40 C-40(日東) I,C-40,個,720092,ｻﾝ･ｱﾛｰ化成,"
",
720092I028004,20054600硝子受台8*33*40 C-40(日東) O,C-40,個,720092,ｻﾝ･ｱﾛｰ化成,"
",
720092I029001,20054800硝子受台8*33*65 C-65(ﾃｻ) I,C-65,個,720092,ｻﾝ･ｱﾛｰ化成,"
",
720092I029002,20054800硝子受台8*33*65 C-65(ﾃｻ) O,C-65,個,720092,ｻﾝ･ｱﾛｰ化成,"
",
720092I029003,20054800硝子受台8*33*65 C-65(日東) I,C-65,個,720092,ｻﾝ･ｱﾛｰ化成,"
",
720092I030001,20054700硝子受台8*33*120 C-120(ﾃｻ) I,C-120,個,720092,ｻﾝ･ｱﾛｰ化成,"
",
720092I030002,20054700硝子受台8*33*120 C-120(ﾃｻ) O,C-120,個,720092,ｻﾝ･ｱﾛｰ化成,"
",
720092I030003,20054700硝子受台8*33*120 C-120日東 I,C-120,個,720092,ｻﾝ･ｱﾛｰ化成,"
",
720092I031001,20054900引違硝子受台D-40(ﾃｻ)EH591-W1,D-40,個,720092,ｻﾝ･ｱﾛｰ化成,"
",
720092I031002,20054900引違硝子受台D-40(日東)EH591,D-40,個,720092,ｻﾝ･ｱﾛｰ化成,"
",
720092I031003,20054900引違硝子受台D-40(ﾃｻ) 東北,D-40,個,720092,ｻﾝ･ｱﾛｰ化成,"
",
720092I032001,20100000ﾄﾘﾌﾟﾙ硝子受台厚27 8*27*40　N,8*27*40,個,720092,ｻﾝ･ｱﾛｰ化成,"
",
720092I032002,20100100ﾄﾘﾌﾟﾙ硝子受台厚27 8*27*65 N,8*27*65,個,720092,ｻﾝ･ｱﾛｰ化成,"
",
720092I032003,20100200ﾄﾘﾌﾟﾙ硝子受台厚27 8*27*120 N,8*27*120,個,720092,ｻﾝ･ｱﾛｰ化成,"
",
720092I033001,20100300ﾄﾘﾌﾟﾙ39用硝子受台 5*41*40 N,8*27*120,個,720092,ｻﾝ･ｱﾛｰ化成,"
",
720092I033002,20100400ﾄﾘﾌﾟﾙ39用硝子受台 5*41*65 N,8*27*120,個,720092,ｻﾝ･ｱﾛｰ化成,"
",
720092I033003,20100500ﾄﾘﾌﾟﾙ39用硝子受台 5*41*120 N,8*27*120,個,720092,ｻﾝ･ｱﾛｰ化成,"
",
720092I034001,207 結露受け(白)L=1000,ｹﾂﾛｳｸｹ,本,720092,ｻﾝ･ｱﾛｰ化成,"
",
720092I035001,20A17000防火ｶﾞﾗｽ受台下用5*27*20(ﾃｻ),5*27*20,個,720092,ｻﾝ･ｱﾛｰ化成,"
",
720092I035002,20A17000防火ｶﾞﾗｽ受台下用5*27*20(日東,5*27*20,個,720092,ｻﾝ･ｱﾛｰ化成,"
",
720092I035003,20A17100防火ｶﾞﾗｽ受台下用5*27*25(ﾃｻ),5*27*25,個,720092,ｻﾝ･ｱﾛｰ化成,"
",
720092I035004,20A17100防火ｶﾞﾗｽ受台下用5*27*25(日東,5*27*25,個,720092,ｻﾝ･ｱﾛｰ化成,"
",
720092I035005,20A17200防火ｶﾞﾗｽ受台下用5*27*95(ﾃｻ),5*27*95,個,720092,ｻﾝ･ｱﾛｰ化成,"
",
720092I035006,20A17200防火ｶﾞﾗｽ受台下用5*27*95(日東,5*27*95,個,720092,ｻﾝ･ｱﾛｰ化成,"
",
720092I036001,20A17300防火ｶﾞﾗｽ受台縦用7*27*25(ﾃｻ),7*27*25,個,720092,ｻﾝ･ｱﾛｰ化成,"
",
720092I036002,20A17300防火ｶﾞﾗｽ受台縦用7*27*25(日東,7*27*25,個,720092,ｻﾝ･ｱﾛｰ化成,"
",
720092I037001,20A17500上縦硝子受台8*27*20 C2 ﾃｻ,8*27*20,個,720092,ｻﾝ･ｱﾛｰ化成,"
",
720092I037002,20A17500上縦硝子受台8*27*20 C2 日東,8*27*20,個,720092,ｻﾝ･ｱﾛｰ化成,"
",
720092I037003,20A17400上縦硝子受台8*27*40 C2 ﾃｻ,8*27*40,個,720092,ｻﾝ･ｱﾛｰ化成,"
",
720092I037004,20A17400上縦硝子受台8*27*40 C2 日東,8*27*40,個,720092,ｻﾝ･ｱﾛｰ化成,"
",
720092I038001,20A17600防火ｶﾞﾗｽ受台縦用7*25*40(ﾃｻ,7*25*40,個,720092,ｻﾝ･ｱﾛｰ化成,"
",
720092I038002,20A17600防火ｶﾞﾗｽ受台縦用7*25*40日東,7*25*40,個,720092,ｻﾝ･ｱﾛｰ化成,"
",
720092I039001,20A17700防火用ｶﾞﾗｽ受台5*33*20日東 I,5*33*20,個,720092,ｻﾝ･ｱﾛｰ化成,"
",
720092I039002,20A17700防火用ｶﾞﾗｽ受台5*33*20日東 O,5*33*20,個,720092,ｻﾝ･ｱﾛｰ化成,"
",
720092I039003,20A17800防火用ｶﾞﾗｽ受台5*33*40日東 I,5*33*40,個,720092,ｻﾝ･ｱﾛｰ化成,"
",
720092I039004,20A17800防火用ｶﾞﾗｽ受台5*33*40日東 O,5*33*40,個,720092,ｻﾝ･ｱﾛｰ化成,"
",
720092I039005,20A17900防火用ｶﾞﾗｽ受台5*33*65日東 I,5*33*65,個,720092,ｻﾝ･ｱﾛｰ化成,"
",
720092I039006,20A17900防火用ｶﾞﾗｽ受台5*33*65日東 O,5*33*65,個,720092,ｻﾝ･ｱﾛｰ化成,"
",
720092I040001,20F00400旧戸当り気密材(中空) I,ｷｭｳﾄｱﾀﾘ,ｍ,720092,ｻﾝ･ｱﾛｰ化成,"
",
720092I040002,20F00400旧戸当り気密材(中空)　O,ｷｭｳﾄｱﾀﾘ,ｍ,720092,ｻﾝ･ｱﾛｰ化成,"
",
720092I040003,20F00400旧戸当り気密材(中空)ｼﾘｺﾝ I,ｷｭｳﾄｱﾀﾘ,ｍ,720092,ｻﾝ･ｱﾛｰ化成,"
",
720092I040004,20F00400旧戸当り気密材(中空)ｼﾘｺﾝ O,ｷｭｳﾄｱﾀﾘ,ｍ,720092,ｻﾝ･ｱﾛｰ化成,"
",
720092I041001,20H17000防火ｶﾞﾗｽ受台下用5*27*20(ﾃｻ)H,5*27*20,個,720092,ｻﾝ･ｱﾛｰ化成,"
",
720092I041002,20H17100防火ｶﾞﾗｽ受台下用5*27*25(ﾃｻ)H,5*27*25,個,720092,ｻﾝ･ｱﾛｰ化成,"
",
720092I041003,20H17200防火ｶﾞﾗｽ受台下用5*27*95(ﾃｻ)H,5*27*95,個,720092,ｻﾝ･ｱﾛｰ化成,"
",
720092I042001,32005000ｶﾞﾗｽ押えﾋﾞｰﾄﾞ(NA)3ﾐﾘ 軟質 I,NA3ﾐﾘ,ｍ,720092,ｻﾝ･ｱﾛｰ化成,"
",
720092I042002,32005000ｶﾞﾗｽ押えﾋﾞｰﾄﾞ(NA)3ﾐﾘ 軟質 O,NA3ﾐﾘ,ｍ,720092,ｻﾝ･ｱﾛｰ化成,"
",
720092I043001,32005100引違い用ｶﾞﾗｽ押えﾋﾞｰﾄﾞ(3)-A I,ｶﾞﾗｽｵｻｴﾋﾞｰ,ｍ,720092,ｻﾝ･ｱﾛｰ化成,"
",
720092I043002,32005100引違い用ｶﾞﾗｽ押えﾋﾞｰﾄﾞ(3)-A O,ｶﾞﾗｽｵｻｴﾋﾞｰ,ｍ,720092,ｻﾝ･ｱﾛｰ化成,"
",
720092I044001,32005200引違いﾄﾘﾌﾟﾙ用ｶﾞﾗｽ押えﾋﾞｰﾄﾞIX,ﾄﾘﾌﾟﾙﾖｳﾋﾗｷ,ｍ,720092,ｻﾝ･ｱﾛｰ化成,"
",
720092I044002,32005200引違いﾄﾘﾌﾟﾙ用ｶﾞﾗｽ押えﾋﾞｰﾄﾞOX,ﾄﾘﾌﾟﾙﾖｳﾋﾗｷ,ｍ,720092,ｻﾝ･ｱﾛｰ化成,"
",
720092I044003,32005200引違いﾄﾘﾌﾟﾙ用ﾋﾞｰﾄﾞ (200m) I,ﾄﾘﾌﾟﾙﾖｳﾋﾗｷ,ｍ,720092,ｻﾝ･ｱﾛｰ化成,"
",
720092I044004,32005200引違いﾄﾘﾌﾟﾙ用ﾋﾞｰﾄﾞ (200m) O,ﾄﾘﾌﾟﾙﾖｳﾋﾗｷ,ｍ,720092,ｻﾝ･ｱﾛｰ化成,"
",
720092I045001,32007000NA硝子受台 5*20*40(ﾃｻ) I,5*20*40,個,720092,ｻﾝ･ｱﾛｰ化成,"
",
720092I045002,32007000NA硝子受台 5*20*40(ﾃｻ) O,5*20*40,個,720092,ｻﾝ･ｱﾛｰ化成,"
",
720092I045003,32007000NA硝子受台5*20*40(日東) I,5*20*40,個,720092,ｻﾝ･ｱﾛｰ化成,"
",
720092I045004,32007000NA硝子受台5*20*40(日東) O,5*20*40,個,720092,ｻﾝ･ｱﾛｰ化成,"
",
720092I045005,ｶﾞﾗｽ受台5x20x30(ﾌｧｰｽ用)ﾃｻ I,5x20x30,個,720092,ｻﾝ･ｱﾛｰ化成,"
",
720092I045006,ｶﾞﾗｽ受台5×20×30(ﾌｧｰｽ用)日東　I,5x20x30,個,720092,ｻﾝ･ｱﾛｰ化成,"
",
720092I046001,32007100NA硝子受台 7*22*40(ﾃｻ) I,7*22*40,個,720092,ｻﾝ･ｱﾛｰ化成,"
",
720092I046002,32007100NA硝子受台 7*22*40(ﾃｻ) O,7*22*40,個,720092,ｻﾝ･ｱﾛｰ化成,"
",
720092I046003,32007100NA硝子受台 7*22*40(日東) I,7*22*40,個,720092,ｻﾝ･ｱﾛｰ化成,"
",
720092I046004,32007100NA硝子受台 7*22*40(日東) O,7*22*40,個,720092,ｻﾝ･ｱﾛｰ化成,"
",
720092I047001,32025000NA下框ﾊﾟｲﾌﾟ(窓),NAｼﾀｶﾏﾁ,本,720092,ｻﾝ･ｱﾛｰ化成,"
",
720092I047002,32025100NA下框ﾊﾟｲﾌﾟ(ﾃﾗｽ),NAｼﾀｶﾏﾁ,本,720092,ｻﾝ･ｱﾛｰ化成,"
",
720092I048001,32A05000引違硝子受台5*27*40(ﾃｻ)EH591,5*27*40,個,720092,ｻﾝ･ｱﾛｰ化成,"
",
720092I048002,32A05000引違硝子受台5*27*40(日東)EH,5*27*40,個,720092,ｻﾝ･ｱﾛｰ化成,"
",
720092I048003,32A05100引違硝子受台5*27*65(ﾃｻ)EH591,5*27*65,個,720092,ｻﾝ･ｱﾛｰ化成,"
",
720092I048004,32A05100引違硝子受台5*27*65(日東)EH,5*27*65,個,720092,ｻﾝ･ｱﾛｰ化成,"
",
720092I048005,32A05200引違硝子受台5*27*120(ﾃｻ)EH,5*27*120,個,720092,ｻﾝ･ｱﾛｰ化成,"
",
720092I048006,32A05200引違硝子受台5*27*120(日東)EH,5*27*120,個,720092,ｻﾝ･ｱﾛｰ化成,"
",
720092I049001,32A11400ｶﾞﾗｽ受台防火下框用7*23*20(ﾃｻ,7*23*20,個,720092,ｻﾝ･ｱﾛｰ化成,"
",
720092I049002,32A11400ｶﾞﾗｽ受台防火下框用7*23*20(ﾃｻ,7*23*20,個,720092,ｻﾝ･ｱﾛｰ化成,"
",
720092I049003,32A11100ｶﾞﾗｽ受台防火下框用7*23*40(ﾃｻ,7*23*40,個,720092,ｻﾝ･ｱﾛｰ化成,"
",
720092I049004,32A11100ｶﾞﾗｽ受台防火下框用7*23*40(ﾃｻ,7*23*40,個,720092,ｻﾝ･ｱﾛｰ化成,"
",
720092I049005,32A11200ｶﾞﾗｽ受台防火下框用7*23*60(ﾃｻ,7*23*60,個,720092,ｻﾝ･ｱﾛｰ化成,"
",
720092I049006,32A11200ｶﾞﾗｽ受台防火下框用7*23*60(ﾃｻ,7*23*60,個,720092,ｻﾝ･ｱﾛｰ化成,"
",
720092I049007,32A11300ｶﾞﾗｽ受台防火下框用7*23*120ﾃｻ,7*23*120,個,720092,ｻﾝ･ｱﾛｰ化成,"
",
720092I049008,32A11300ｶﾞﾗｽ受台防火下框用7*23*120ﾃｻ,7*23*120,個,720092,ｻﾝ･ｱﾛｰ化成,"
",
720092I050001,32D00000引違硝子受台7*27*40(ﾃｻ)EH591,7*27*40,個,720092,ｻﾝ･ｱﾛｰ化成,"
",
720092I050002,32D00000引違硝子受台7*27*40(日東)EH,7*27*40,個,720092,ｻﾝ･ｱﾛｰ化成,"
",
720092I051001,32D00100引違硝子受台8*27*40(ﾃｻ)EH591,8*27*40,個,720092,ｻﾝ･ｱﾛｰ化成,"
",
720092I051002,32D00100引違硝子受台8*27*40(日東)EH,8*27*40,個,720092,ｻﾝ･ｱﾛｰ化成,"
",
720092I051003,32D00200引違硝子受台8*27*65(ﾃｻ)EH591,8*27*65,個,720092,ｻﾝ･ｱﾛｰ化成,"
",
720092I051004,32D00200引違硝子受台8*27*65(日東)EH,8*27*65,個,720092,ｻﾝ･ｱﾛｰ化成,"
",
720092I051005,32D00300引違硝子受台8*27*120(ﾃｻ)EH,8*27*120,個,720092,ｻﾝ･ｱﾛｰ化成,"
",
720092I051006,32D00300引違硝子受台8*27*120(日東)EH,8*27*120,個,720092,ｻﾝ･ｱﾛｰ化成,"
",
720092I052001,32D00400引違ｶﾞﾗｽ受台(硬質)5*27*40 N,5*27*40,個,720092,ｻﾝ･ｱﾛｰ化成,"
",
720092I053001,32D00500引違ｶﾞﾗｽ受台(硬質)7*27*40 N,7*27*40,個,720092,ｻﾝ･ｱﾛｰ化成,"
",
720092I054001,32D00600引違ｶﾞﾗｽ受台(硬質)8*27*40 N,8*27*40,個,720092,ｻﾝ･ｱﾛｰ化成,"
",
720092I054002,32D00700引違ｶﾞﾗｽ受台(硬質)8*27*65 N,8*27*65,個,720092,ｻﾝ･ｱﾛｰ化成,"
",
720092I054003,32D00800引違ｶﾞﾗｽ受台(硬質)8*27*120 N,8*27*120,個,720092,ｻﾝ･ｱﾛｰ化成,"
",
720092I055001,32H05000引違硝子受台5*27*40(ﾃｻ) HRD,5*27*40,個,720092,ｻﾝ･ｱﾛｰ化成,"
",
720092I055002,32H05100引違硝子受台5*27*65(ﾃｻ) HRD,5*27*65,個,720092,ｻﾝ･ｱﾛｰ化成,"
",
720092I055003,32H05200引違硝子受台5*27*120(ﾃｻ) HRD,5*27*120,個,720092,ｻﾝ･ｱﾛｰ化成,"
",
720092I056001,33900000ｶﾞﾗｽ押えﾋﾞｰﾄﾞ4.5mm-C 小ﾛｯﾄ,ｶﾞﾗｽｵｻｴ,式,720092,ｻﾝ･ｱﾛｰ化成,"
",
720092I057001,34008100US下框ﾊﾟｲﾌﾟ L=25 本社,USｼﾀｶﾏﾁ,本,720092,ｻﾝ･ｱﾛｰ化成,"
",
720092I058001,34A08000ｶﾞﾗｽ受台防火縦枠用7*22*25(ﾃｻ,7*22*25,個,720092,ｻﾝ･ｱﾛｰ化成,"
",
720092I058002,34A08000ｶﾞﾗｽ受台防火縦枠用7*22*25(ﾃｻ,7*22*25,個,720092,ｻﾝ･ｱﾛｰ化成,"
",
720092I059001,40306000 方立補強材 L=1010,ﾎｳﾀﾃﾎｷｮｳ,本,720092,ｻﾝ･ｱﾛｰ化成,"
",
720092I059002,40306100 方立補強材 L=1060,ﾎｳﾀﾃﾎｷｮｳ,本,720092,ｻﾝ･ｱﾛｰ化成,"
",
720092I059003,40306200 方立補強材 L=1107,ﾎﾀﾃﾎｷｮｳ,本,720092,ｻﾝ･ｱﾛｰ化成,"
",
720092I059004,40306300 方立補強材 L=1210,ﾎﾀﾃﾎｷｮｳ,本,720092,ｻﾝ･ｱﾛｰ化成,"
",
720092I059005,40306400 方立補強材 L=1260,ﾎﾀﾃﾎｷｮｳ,本,720092,ｻﾝ･ｱﾛｰ化成,"
",
720092I059006,40306500 方立補強材 L=1410,ﾎﾀﾃﾎｷｮｳ,本,720092,ｻﾝ･ｱﾛｰ化成,"
",
720092I059007,方立補強材,ﾎｳﾀﾃﾎｷｮｳ,ｍ,720092,ｻﾝ･ｱﾛｰ化成,"
",
720092I060001,MCﾀｲﾌﾟ戸当り気密材A　道内,MCﾄｱﾀﾘ,ｍ,720092,ｻﾝ･ｱﾛｰ化成,"
",
720092I060002,MCﾀｲﾌﾟ戸当り気密材A　道外,MCﾄｱﾀﾘ,ｍ,720092,ｻﾝ･ｱﾛｰ化成,"
",
720092I061001,MCﾀｲﾌﾟ枠気密材6mm　L=2250,MCﾜｸｷﾐﾂｻﾞｲ,本,720092,ｻﾝ･ｱﾛｰ化成,"
",
720092I062001,K0013000 MK2特窓ﾍﾞｰｽｽﾍﾟｰｻｰC,ﾍﾞｰｽｽﾍﾟｰｻｰ,個,720092,ｻﾝ･ｱﾛｰ化成,"
",
720092I063001,ｶﾞﾗｽ受け台 5x33x40(日東),ｶﾞﾗｽｳｹﾀﾞｲ,個,720092,ｻﾝ･ｱﾛｰ化成,"
",
720092I063002,ｶﾞﾗｽ受け台 5x33x65(日東),ｶﾞﾗｽｳｹﾀﾞｲ,個,720092,ｻﾝ･ｱﾛｰ化成,"
",
720092I064001,ﾊﾞｽﾕﾆｯﾄｱﾀｯﾁﾒﾝﾄ,ﾊﾞｽﾕﾆｯﾄ,本,720092,ｻﾝ･ｱﾛｰ化成,"
",
720092I065001,戸当気密材 中空太(補修)13mm(9)栗･東,ﾄｱﾀﾘﾁｭｳｸｳ,ｍ,720092,ｻﾝ･ｱﾛｰ化成,"
",
720092I066001,戸当気密材 中空太(補修用)7mm,ﾄｱﾀﾘ,ｍ,720092,ｻﾝ･ｱﾛｰ化成,"
",
720092I067001,戸当気密材(補修用)8*5(5),ﾄｱﾀﾘ,ｍ,720092,ｻﾝ･ｱﾛｰ化成,"
",
720092I068001,戸当気密材(補修用)9mm(13mm),ﾄｱﾀﾘ,ｍ,720092,ｻﾝ･ｱﾛｰ化成,"
",
720092I069001,戸当気密材(補修用)ｴﾗｽﾄﾏｰ8φ　道内,ﾄｱﾀﾘ,ｍ,720092,ｻﾝ･ｱﾛｰ化成,"
",
720092I069002,戸当気密材(補修用)ｴﾗｽﾄﾏｰ8φ　道外,ﾄｱﾀﾘ,ｍ,720092,ｻﾝ･ｱﾛｰ化成,"
",
720092I070001,20043100戸当り気密材 框用 ひれ式 内,ﾄｱﾀﾘｷﾐﾂｻﾞｲ,ｍ,720092,ｻﾝ･ｱﾛｰ化成,"
",
720092I070002,20043100戸当り気密材 框用 ひれ式 外,ﾄｱﾀﾘｷﾐﾂｻﾞｲ,ｍ,720092,ｻﾝ･ｱﾛｰ化成,"
",
720221D001001,ｺｰﾅｰｾﾞﾂｴﾝ,ｺｰﾅｰｾﾞﾂｴﾝ,m,,,"
",
72030528002,DB2-28-34170 ｸﾞﾚｰ,2-28-34170,㎏,,,"
",
721092I001005,PCﾊﾟｲﾌﾟ φ4.2xφ6.0x1000L,PCﾊﾟｲﾌﾟ,本,721102,清水製作所,"
",
721152I001001,ｿｰﾗｰﾊﾟﾈﾙ樹脂ﾌﾚｰﾑ　250ｍ以下の注文,ｿｰﾗｰﾊﾟﾈﾙｼﾞ,式,721152,シリコンプラス,"
",
721152I001002,ｿｰﾗｰﾊﾟﾈﾙ 樹脂ﾌﾚｰﾑ 受注ﾛｯﾄ:1000m以上,ｿｰﾗｰﾊﾟﾈﾙ ｼ,ｍ,721152,シリコンプラス,"
",
721152I002001,端面45度切断加工費,ｿｰﾗｰﾊﾟﾈﾙｼﾞ,本,721152,シリコンプラス,"
",
721162I001001,ｺﾝﾍﾞﾔｻｲﾄﾞｽｶｰﾄ(お引き取り),,ｍ,721162,白石製作所㈱,"
",
721162I001002,ｺﾝﾍﾞﾔｻｲﾄﾞｽｶｰﾄ(配送),,ｍ,721162,白石製作所㈱,"
",
723022I001001,SUG-01,,ｍ,723022,積水化学北海道,"
",
723022I002001,ｱﾝｸﾞﾙﾋﾟｰｽ(ｼﾞｮｳｹﾞﾖｳ) 色物,ｱﾝｸﾞﾙﾋﾟｰｽ,本,723022,積水化学北海道,"
",
723022I002002,ｱﾝｸﾞﾙﾋﾟｰｽ(ｼﾞｮｳｹﾞﾖｳ)表面保護付,ｱﾝｸﾞﾙﾋﾟｰｽ,本,723022,積水化学北海道,"
",
723022I003001,ｸﾞﾚｰｼﾞﾝｸﾞﾋﾞｰﾄﾞ($GBMSL2),,ｍ,723022,積水化学北海道,"
",
723022I003002,ｸﾞﾚｰｼﾞﾝｸﾞﾋﾞｰﾄﾞ($GBMTR3),,ｍ,723022,積水化学北海道,"
",
723022I004001,ｺｰﾅｰｶﾞｽｹｯﾄ($CGA-01),,ｍ,723022,積水化学北海道,"
",
723022I004002,ｺｰﾅｰｶﾞｽｹｯﾄ(運賃なし),,ｍ,723022,積水化学北海道,"
",
723022I004003,ｺｰﾅｰｶﾞｽｹｯﾄ(運賃込み),,ｍ,723022,積水化学北海道,"
",
723022I005001,ﾊｷﾀﾞｼｱﾝｸﾞﾙﾋﾟｰｽ ﾎﾜｲﾄ,ﾊｷﾀﾞｼ,本,723022,積水化学北海道,"
",
723022I005002,ﾊｷﾀﾞｼｱﾝｸﾞﾙﾋﾟｰｽ 色物,ﾊｷﾀﾞｼ,本,723022,積水化学北海道,"
",
723022I005003,ﾊｷﾀﾞｼｱﾝｸﾞﾙﾋﾟｰｽ 表面保護付　ﾎﾜｲﾄ,ﾊｷﾀﾞｼ,本,723022,積水化学北海道,"
",
723022I005004,ﾊｷﾀﾞｼｱﾝｸﾞﾙﾋﾟｰｽ 表面保護付　色物,ﾊｷﾀﾞｼ,本,723022,積水化学北海道,"
",
723022I006001,縁材(ｺの字　巾6mm) L=2000 白,ｺﾉｼﾞ,本,723022,積水化学北海道,"
",
724032I001001,単板ﾓｰﾙ材 9.2*14.0,ﾀﾝﾊﾟﾝﾓｰﾙ,本,724032,空知単板工業,"
",
724032I002001,特殊山形樹脂ﾓｰﾙ ｳｫｰﾙﾅｯﾄ,ﾄｸｼｭﾔﾏｶﾞﾀ,本,724032,空知単板工業,"
",
724032I002002,特殊山形樹脂ﾓｰﾙ ﾎﾜｲﾄｵｰｸ,ﾄｸｼｭﾔﾏｶﾞﾀ,本,724032,空知単板工業,"
",
732061I001001,PEｺﾉｼﾞｶﾊﾞｰ ｵﾚﾝｼﾞ 2100mm,PEｺﾉｼﾞｶﾊﾞｰ,,732061,槌屋 宇都宮,"
",
732062I001001,PEｺの字ｶﾊﾞｰ L=2100mm 200本～,PE,本,732061,槌屋 宇都宮,"
",
732062I002001,粘着付きｴｯｼﾞｶﾊﾞｰ 1mm用 透明,ﾈﾝﾁｬｸﾂｷｴｯｼ,ｍ,732061,槌屋 宇都宮,"
",
734101D001001,DM-16 ｲﾝﾅｰﾁｭｰﾌﾞ L=221*,,,734101,東北江南,"
",
734101D001002,DM-18 ｲﾝﾅｰﾁｭｰﾌﾞ L=258 ＊,,,734101,東北江南,"
",
734101D002001,240用ｲﾝﾅｰﾁｭｰﾌﾞ L=240*,,,734101,東北江南,"
",
734101D002002,260用ｲﾝﾅｰﾁｭｰﾌﾞ L=84 *,,,734101,東北江南,"
",
734101D002003,260用ｲﾝﾅｰﾁｭｰﾌﾞ L=210 *,,,734101,東北江南,"
",
734101D003001,Rｷｬﾘｰ用ｲﾝﾅｰﾁｭｰﾌﾞ(赤) L=1028*,,,734101,東北江南,"
",
734101D003002,Rｷｬﾘｰ用ｲﾝﾅｰﾁｭｰﾌﾞ(青) L=1028*,,,734101,東北江南,"
",
734101D004001,ﾃﾞﾐｯｸｽ250ｲﾝﾅｰﾁｭｰﾌﾞ L=63,,,734101,東北江南,"
",
734101D004002,ﾃﾞﾐｯｸｽ250ｲﾝﾅｰﾁｭｰﾌﾞ L=169,,,734101,東北江南,"
",
734101D005001,PVCｱｲﾎﾞﾘｰﾄｯﾃ L=3000,,,734101,東北江南,"
",
734101D006001,PEﾊﾟｲﾌﾟﾅﾁｭﾗﾙ φ31x37.5x1890L,,,734101,東北江南,"
",
734101D007001,半硬質PVC透明ﾚｰﾙ,,,734101,東北江南,"
",
734101D008001,PCｶﾊﾞｰ NS-20用 L=990 *I*,,,734101,東北江南,"
",
734101I001001,NS-20用PCｶﾊﾞｰ,NS-20 PC,本,734101,東北江南,"
",
734132I001001,ｴﾝﾋﾞ枠 孵化槽ﾊﾟｯｷﾝｸﾞL=3050,ﾌｶｿｳﾊﾟｯｷﾝ,本,734132,東洋化工(株),"
",
734132I001002,孵化層ﾊﾟｯｷﾝ L=3050　400本/回,ﾌｶｿｳﾊﾟｯｷﾝ,本,734132,東洋化工(株),"
",
734141D001001,6932 硬質白ﾊﾟｲﾌﾟ 6x8x1250L,,,13911,東洋ｼｬｯﾀｰ㈱ｵｵｼﾏ事業,"
",
734311D001001,ﾌｪﾝﾀﾞｰｶﾞｰﾄﾞ L=1150 黒*,,,734311,㈲ﾄﾗｯﾄﾞ,"
",
734311D001002,ﾌｪﾝﾀﾞｰｶﾞｰﾄﾞ L=1400 黒*,,,734311,㈲ﾄﾗｯﾄﾞ,"
",
734311D002001,ﾌｪﾝﾀﾞｰﾊﾟｯｷﾝ(2),,,734311,㈲ﾄﾗｯﾄﾞ,"
",
734311D003002,ｽﾋﾟｰｶｰ用ｹﾞﾙ成形品 7.5x8.5,,,734311,㈲ﾄﾗｯﾄﾞ,"
",
740081D001001,1mm粘着付きｴｯｼﾞｶﾊﾞｰ 黒,ﾂｷ  ｸﾛ,M,740081,中西ﾌﾟﾗｽﾁｯｸ,"
",
740092I001001,LED蛍光灯 PCｶﾊﾞｰ W67 L=1200 200以上,LEDｹｲｺｳﾄｳ,本,740092,(株)ナニワ,"
",
740092I001002,LED蛍光灯 PCｶﾊﾞｰ W67 L=1200 500以上,LEDｹｲｺｳﾄｳ,本,740092,(株)ナニワ,"
",
740092I001003,LED蛍光灯 PCｶﾊﾞｰ W67 L=1200 1300以上,LEDｹｲｺｳﾄｳ,本,740092,(株)ナニワ,"
",
740101I001001,3Dﾌﾟﾘﾝﾀｰ用 AR-45ﾍﾞｰｽﾌｨﾗﾒﾝﾄ 3巻,ﾌｨﾗﾒﾝﾄ,式,23904,㈱東穂 本社,"
",
741092I001001,13㎜用 U型ｱﾀｯﾁﾒﾝﾄ L=2000,13mmUｶﾞﾀ,本,741092,㈱日新複層硝子,"
",
754022I000101,3Dﾌﾟﾘﾝﾀｰ用ﾌｨﾗﾒﾝﾄ Type-B,3Dﾌﾟﾘﾝﾀｰﾖｳ,巻,25912,㈲ﾎﾞｰﾀﾞｯｸ,"
",
754062I001001,ｻｲｼﾞﾝｸﾞ目地材 L=3000,ｻｲｼﾞﾝｸﾞ,本,754062,㈱北友,"
",
763021D001001,27C7Z0995 SHAFT RING t=2,SHAFT,,763021,ﾊﾟﾅｿﾆｯｸｴｺｼｽﾃﾑｽﾞﾍﾞﾝﾃｯ,"
",
764072I001001,水耕栽培 しぶき止 本体 L=2500,ｼﾌﾞｷﾄﾞﾒ ﾎﾝ,本,764072,森六ケミカルズ(株),"
",
764072I001002,水耕栽培 しぶき止ﾊﾟｯｷﾝ,ｼﾌﾞｷﾄﾞﾒﾊﾟｯ,ｍ,764072,森六ケミカルズ(株),"
",
764072I001003,水耕栽培 波止 L=1000,ﾅﾐﾄﾒ L=100,本,764072,森六ケミカルズ(株),"
",
784021D001001,AT材　3K-25350,AT,,784032,ＹＫＫ ＡＰ㈱,"
",
784032B001001,3K22331　10mm幅のり付き,3k22331 10,M,784032,ＹＫＫ ＡＰ㈱,"
",
784032B001003,3K25455 10mmx1.2mm ﾃｰﾌﾟ有 1400個/回,3K25455,個,784032,ＹＫＫ ＡＰ㈱,"
",
784032B001004,3K25455 10mmx1.2mm ﾃｰﾌﾟ有 2000個/回,3K25455,個,784032,ＹＫＫ ＡＰ㈱,"
",
784032B002001,3K22333　15mm幅のり付き,3K22333 15,M,784032,ＹＫＫ ＡＰ㈱,"
",
784032B002002,3K22334　15mm幅のり無し,3K22334 15,M,784032,ＹＫＫ ＡＰ㈱,"
",
784032B003001,3K22335　20mm幅のり付き,3K22335 20,M,784032,ＹＫＫ ＡＰ㈱,"
",
784032B003002,3K22336　20mmﾃｰﾌﾟ無し,3K22922 10,ｍ,784032,ＹＫＫ ＡＰ㈱,"
",
784032B003003,3K25456 20mmx1.2mm ﾃｰﾌﾟ有 600個/回,3K25456,個,784032,ＹＫＫ ＡＰ㈱,"
",
784032B003004,3K25456 20mmx1.2mm ﾃｰﾌﾟ有 1000個/回,3K25456,個,784032,ＹＫＫ ＡＰ㈱,"
",
784032B004001,3K22922　10mmﾃｰﾌﾟ有 L=1000,3K22922 10,本,784032,ＹＫＫ ＡＰ㈱,"
",
784061I001001,TS_COVER 900L 01 3000本,TS_COVER,本,784061,和光電研,"
",
784082D001004,LEDｶﾊﾞｰ ﾄﾞｰﾑﾀｲﾌﾟ 乳白 L=2000,LEDｶﾊﾞ-ﾌﾗｯ,本,784082,㈱ﾜﾝ･ﾊﾞｲ･ﾜﾝ,"
",
784082D002010,LEDｶﾊﾞｰ ﾌﾗｯﾄﾀｲﾌﾟ 乳白 L=319,LEDｶﾊﾞｰ,本,784082,㈱ﾜﾝ･ﾊﾞｲ･ﾜﾝ,"
",
784082D002011,LEDｶﾊﾞｰ ﾌﾗｯﾄﾀｲﾌﾟ 乳白 L=399,LEDｶﾊﾞｰ,本,784082,㈱ﾜﾝ･ﾊﾞｲ･ﾜﾝ,"
",
784082D002012,LEDｶﾊﾞｰ ﾌﾗｯﾄﾀｲﾌﾟ 乳白 L=509,LEDｶﾊﾞｰ,本,784082,㈱ﾜﾝ･ﾊﾞｲ･ﾜﾝ,"
",
784082D002013,LEDｶﾊﾞｰ ﾌﾗｯﾄﾀｲﾌﾟ 乳白 L=619,LEDｶﾊﾞｰ,本,784082,㈱ﾜﾝ･ﾊﾞｲ･ﾜﾝ,"
",
784082D002014,LEDｶﾊﾞｰ ﾌﾗｯﾄﾀｲﾌﾟ 乳白 L=699,LEDｶﾊﾞｰ,本,784082,㈱ﾜﾝ･ﾊﾞｲ･ﾜﾝ,"
",
784082D002015,LEDｶﾊﾞｰ ﾌﾗｯﾄﾀｲﾌﾟ 乳白 L=809,LEDｶﾊﾞｰ,本,784082,㈱ﾜﾝ･ﾊﾞｲ･ﾜﾝ,"
",
784082D002016,LEDｶﾊﾞｰ ﾌﾗｯﾄﾀｲﾌﾟ 乳白 L=999,LEDｶﾊﾞｰ,本,784082,㈱ﾜﾝ･ﾊﾞｲ･ﾜﾝ,"
",
784082D002017,LEDｶﾊﾞｰ ﾌﾗｯﾄﾀｲﾌﾟ02 乳白　使用ｼﾅｲ,LEDｶﾊﾞｰﾌﾗｯ,ｍ,784082,㈱ﾜﾝ･ﾊﾞｲ･ﾜﾝ,"
",
784082D002018,LEDｶﾊﾞｰ ﾌﾗｯﾄﾀｲﾌﾟ02乳白(1000M以上)*I*,ﾎﾟﾘｶｶﾊﾞｰ,M,784082,㈱ﾜﾝ･ﾊﾞｲ･ﾜﾝ,"
",
784082D002019,LEDｶﾊﾞｰ ﾌﾗｯﾄﾀｲﾌﾟ02乳白(2000M以上)*I*,ﾎﾟﾘｶｶﾊﾞｰ,M,784082,㈱ﾜﾝ･ﾊﾞｲ･ﾜﾝ,"
",
784082D002020,LEDｶﾊﾞｰ ﾌﾗｯﾄﾀｲﾌﾟ02乳白(250～999M)*I*,ﾎﾟﾘｶｶﾊﾞｰ,M,784082,㈱ﾜﾝ･ﾊﾞｲ･ﾜﾝ,"
",
784082D002022,LEDｶﾊﾞｰﾌﾗｯﾄﾀｲﾌﾟ 02乳白(250M以上)*I*,ﾎﾟﾘｶｶﾊﾞｰ,M,784082,㈱ﾜﾝ･ﾊﾞｲ･ﾜﾝ,"
",
784082I001001,LEDｶﾊﾞｰ ﾌﾗｯﾄﾀｲﾌﾟ02 乳白 250ｍ～999ｍ,LEDｶﾊﾞｰ ﾌﾗ,ｍ,784082,㈱ﾜﾝ･ﾊﾞｲ･ﾜﾝ,"
",
784082I001002,LEDｶﾊﾞｰ ﾌﾗｯﾄﾀｲﾌﾟ02 乳白1000～1999ｍ,LEDｶﾊﾞｰ ﾌﾗ,ｍ,784082,㈱ﾜﾝ･ﾊﾞｲ･ﾜﾝ,"
",
784082I001003,LEDｶﾊﾞｰ ﾌﾗｯﾄﾀｲﾌﾟ02 乳白 2000ｍ以上,LEDｶﾊﾞｰ ﾌﾗ,ｍ,784082,㈱ﾜﾝ･ﾊﾞｲ･ﾜﾝ,"
",
784082I002001,LEDｶﾊﾞｰﾄﾞｰﾑﾀｲﾌﾟ 乳白 L=396 250ｍ,LEDｶﾊﾞｰ ﾄﾞ,本,784082,㈱ﾜﾝ･ﾊﾞｲ･ﾜﾝ,"
",
784082I002002,LEDｶﾊﾞｰﾄﾞｰﾑﾀｲﾌﾟ 乳白 L=506 250ｍ,LEDｶﾊﾞｰﾄﾞ-,本,784082,㈱ﾜﾝ･ﾊﾞｲ･ﾜﾝ,"
",
784082I002003,LEDｶﾊﾞｰﾄﾞｰﾑﾀｲﾌﾟ 乳白 L=806 250ｍ,LEDｶﾊﾞｰﾄﾞ-,本,784082,㈱ﾜﾝ･ﾊﾞｲ･ﾜﾝ,"
",
784082I002004,LEDｶﾊﾞｰﾄﾞｰﾑﾀｲﾌﾟ 乳白 L=1106(1000以下,LEDｶﾊﾞｰﾄﾞｰ,本,784082,㈱ﾜﾝ･ﾊﾞｲ･ﾜﾝ,"
",
784082I002005,LEDｶﾊﾞｰﾄﾞｰﾑﾀｲﾌﾟ 乳白 L=1306 250m,LEDｶﾊﾞｰﾄﾞｰ,本,784082,㈱ﾜﾝ･ﾊﾞｲ･ﾜﾝ,"
",
784082I002006,LEDｶﾊﾞｰﾄﾞｰﾑﾀｲﾌﾟ 乳白 L=1416(1000以下,LEDｶﾊﾞｰﾄﾞｰ,本,784082,㈱ﾜﾝ･ﾊﾞｲ･ﾜﾝ,"
",
784082I002007,LEDｶﾊﾞｰﾄﾞｰﾑﾀｲﾌﾟ 乳白 L=2000 250ｍ,LEDｶﾊﾞｰﾄﾞｰ,本,784082,㈱ﾜﾝ･ﾊﾞｲ･ﾜﾝ,"
",
784082I003001,LEDｶﾊﾞｰﾌﾗｯﾄﾀｲﾌﾟ 乳白 L=3000(1000以下,LEDｶﾊﾞｰﾌﾗｯ,本,784082,㈱ﾜﾝ･ﾊﾞｲ･ﾜﾝ,"
",
784082I003002,LEDｶﾊﾞｰﾌﾗｯﾄﾀｲﾌﾟ 乳白 L=2500(1000以下,LEDｶﾊﾞｰﾌﾗｯ,本,784082,㈱ﾜﾝ･ﾊﾞｲ･ﾜﾝ,"
",
784082I003003,LEDｶﾊﾞｰﾌﾗｯﾄﾀｲﾌﾟ 乳白 L=2049(1000以下,LEDｶﾊﾞｰﾌﾗｯ,本,784082,㈱ﾜﾝ･ﾊﾞｲ･ﾜﾝ,"
",
784082I003004,LEDｶﾊﾞｰﾌﾗｯﾄﾀｲﾌﾟ 乳白 L=2000(1000以下,LEDｶﾊﾞｰﾌﾗｯ,本,784082,㈱ﾜﾝ･ﾊﾞｲ･ﾜﾝ,"
",
784082I003005,LEDｶﾊﾞｰﾌﾗｯﾄﾀｲﾌﾟ 乳白 L=1989(1000以下,LEDｶﾊﾞｰﾌﾗｯ,本,784082,㈱ﾜﾝ･ﾊﾞｲ･ﾜﾝ,"
",
784082I003006,LEDｶﾊﾞｰﾌﾗｯﾄﾀｲﾌﾟ 乳白 L=1799(1000以下,LEDｶﾊﾞｰﾌﾗｯ,本,784082,㈱ﾜﾝ･ﾊﾞｲ･ﾜﾝ,"
",
784082I003007,LEDｶﾊﾞｰﾌﾗｯﾄﾀｲﾌﾟ 乳白 L=1769(1000以下,LEDｶﾊﾞｰﾌﾗｯ,本,784082,㈱ﾜﾝ･ﾊﾞｲ･ﾜﾝ,"
",
784082I003008,LEDｶﾊﾞｰﾌﾗｯﾄﾀｲﾌﾟ 乳白 L=1719(1000以下,LEDｶﾊﾞｰ ﾌﾗ,本,784082,㈱ﾜﾝ･ﾊﾞｲ･ﾜﾝ,"
",
784082I003009,LEDｶﾊﾞｰﾌﾗｯﾄﾀｲﾌﾟ 乳白 L=1659(1000以下,LEDｶﾊﾞｰﾌﾗｯ,本,784082,㈱ﾜﾝ･ﾊﾞｲ･ﾜﾝ,"
",
784082I003010,LEDｶﾊﾞｰﾌﾗｯﾄﾀｲﾌﾟ 乳白 L=1609(1000以下,LEDｶﾊﾞｰﾌﾗｯ,本,784082,㈱ﾜﾝ･ﾊﾞｲ･ﾜﾝ,"
",
784082I003011,LEDｶﾊﾞｰﾌﾗｯﾄﾀｲﾌﾟ 乳白 L=1499(1000以下,LEDｶﾊﾞｰﾌﾗｯ,本,784082,㈱ﾜﾝ･ﾊﾞｲ･ﾜﾝ,"
",
784082I003012,LEDｶﾊﾞｰﾌﾗｯﾄﾀｲﾌﾟ 乳白 L=1469(1000以下,LEDｶﾊﾞｰﾌﾗｯ,本,784082,㈱ﾜﾝ･ﾊﾞｲ･ﾜﾝ,"
",
784082I003013,LEDｶﾊﾞｰﾌﾗｯﾄﾀｲﾌﾟ 乳白 L=1419(1000以下,LEDｶﾊﾞｰﾌﾀｯ,本,784082,㈱ﾜﾝ･ﾊﾞｲ･ﾜﾝ,"
",
784082I003014,LEDｶﾊﾞｰﾌﾗｯﾄﾀｲﾌﾟ 乳白 L=1389(1000以下,LEDｶﾊﾞｰﾌﾗｯ,本,784082,㈱ﾜﾝ･ﾊﾞｲ･ﾜﾝ,"
",
784082I003015,LEDｶﾊﾞｰﾌﾗｯﾄﾀｲﾌﾟ 乳白 L=1309 1000以下,LEDｶﾊﾞｰﾌﾗｯ,本,784082,㈱ﾜﾝ･ﾊﾞｲ･ﾜﾝ,"
",
784082I003016,LEDｶﾊﾞｰﾌﾗｯﾄﾀｲﾌﾟ 乳白 L=1279(1000以下,LEDｶﾊﾞｰﾌﾗｯ,本,784082,㈱ﾜﾝ･ﾊﾞｲ･ﾜﾝ,"
",
784082I003017,LEDｶﾊﾞｰﾌﾗｯﾄﾀｲﾌﾟ 乳白 L=1219(1000以下,LEDｶﾊﾞｰﾌﾗｯ,本,784082,㈱ﾜﾝ･ﾊﾞｲ･ﾜﾝ,"
",
784082I003018,LEDｶﾊﾞｰﾌﾗｯﾄﾀｲﾌﾟ 乳白 L=1139(1000以下,LEDｶﾊﾞｰﾌﾗｯ,本,784082,㈱ﾜﾝ･ﾊﾞｲ･ﾜﾝ,"
",
784082I003019,LEDｶﾊﾞｰﾌﾗｯﾄﾀｲﾌﾟ 乳白 L=1109(1000以下,LEDｶﾊﾞｰﾌﾗｯ,本,784082,㈱ﾜﾝ･ﾊﾞｲ･ﾜﾝ,"
",
784082I003020,LEDｶﾊﾞｰﾌﾗｯﾄﾀｲﾌﾟ 乳白 L=1089(1000以下,LEDｶﾊﾞｰﾌﾗｯ,本,784082,㈱ﾜﾝ･ﾊﾞｲ･ﾜﾝ,"
",
784082I003021,LEDｶﾊﾞｰﾌﾗｯﾄﾀｲﾌﾟ 乳白 L=1000(1000以下,LEDｶﾊﾞｰﾌﾗｯ,本,784082,㈱ﾜﾝ･ﾊﾞｲ･ﾜﾝ,"
",
784082I003022,LEDｶﾊﾞｰﾌﾗｯﾄﾀｲﾌﾟ 乳白 L=999(1000以下,LEDｶﾊﾞｰﾌﾗｯ,本,784082,㈱ﾜﾝ･ﾊﾞｲ･ﾜﾝ,"
",
784082I003023,LEDｶﾊﾞｰﾌﾗｯﾄﾀｲﾌﾟ 乳白 L=839(1000以下),LEDｶﾊﾞｰﾌﾗｯ,本,784082,㈱ﾜﾝ･ﾊﾞｲ･ﾜﾝ,"
",
784082I003024,LEDｶﾊﾞｰﾌﾗｯﾄﾀｲﾌﾟ 乳白 L=809(1000以下,LEDｶﾊﾞｰﾌﾗｯ,本,784082,㈱ﾜﾝ･ﾊﾞｲ･ﾜﾝ,"
",
784082I003025,LEDｶﾊﾞｰﾌﾗｯﾄﾀｲﾌﾟ 乳白 L=806(1000以下,LEDｶﾊﾞｰﾌﾗｯ,本,784082,㈱ﾜﾝ･ﾊﾞｲ･ﾜﾝ,"
",
784082I003026,LEDｶﾊﾞｰﾌﾗｯﾄﾀｲﾌﾟ 乳白 L=699(1000以下,LEDｶﾊﾞｰﾌﾗｯ,本,784082,㈱ﾜﾝ･ﾊﾞｲ･ﾜﾝ,"
",
784082I003027,LEDｶﾊﾞｰﾌﾗｯﾄﾀｲﾌﾟ 乳白 L=669(1000以下),LEDｶﾊﾞｰﾌﾗｯ,本,784082,㈱ﾜﾝ･ﾊﾞｲ･ﾜﾝ,"
",
784082I003028,LEDｶﾊﾞｰﾌﾗｯﾄﾀｲﾌﾟ 乳白 L=619(1000以下,LEDｶﾊﾞｰﾌﾗｯ,本,784082,㈱ﾜﾝ･ﾊﾞｲ･ﾜﾝ,"
",
784082I003029,LEDｶﾊﾞｰﾌﾗｯﾄﾀｲﾌﾟ 乳白 L=509(1000以下,LEDｶﾊﾞｰﾌﾗｯ,本,784082,㈱ﾜﾝ･ﾊﾞｲ･ﾜﾝ,"
",
784082I003030,LEDｶﾊﾞｰﾌﾗｯﾄﾀｲﾌﾟ 乳白 L=506(1000以下,LEDｶﾊﾞｰﾌﾗｯ,本,784082,㈱ﾜﾝ･ﾊﾞｲ･ﾜﾝ,"
",
784082I003031,LEDｶﾊﾞｰﾌﾗｯﾄﾀｲﾌﾟ 乳白 L=399(1000以下,LEDｶﾊﾞｰﾌﾗｯ,本,784082,㈱ﾜﾝ･ﾊﾞｲ･ﾜﾝ,"
",
784082I003032,LEDｶﾊﾞｰﾌﾗｯﾄﾀｲﾌﾟ 乳白 L=396(1000以下,LEDｶﾊﾞｰﾌﾗｯ,本,784082,㈱ﾜﾝ･ﾊﾞｲ･ﾜﾝ,"
",
784082I003033,LEDｶﾊﾞｰﾌﾗｯﾄﾀｲﾌﾟ 乳白 L=319(1000以下,LEDｶﾊﾞｰﾌﾗｯ,本,784082,㈱ﾜﾝ･ﾊﾞｲ･ﾜﾝ,"
",
784091D001001,OT-1改 ｾﾝﾀｰﾊﾟｯｷﾝ(50M巻),OT-1ｶｲ,巻,784091,㈱ﾜﾝﾜｰﾄﾞ,"
",
784091D001002,OT-2改 側面ﾊﾟｯｷﾝ(100M巻),OT-2ｶｲ,巻,784091,㈱ﾜﾝﾜｰﾄﾞ,"
",
784091D001004,OT-4改 ｵｰﾊﾞｰﾗｯﾌﾟﾊﾟｯｷﾝ 4.5m,ｵｰﾊﾞｰﾗｯﾌﾟﾊ,本,784091,㈱ﾜﾝﾜｰﾄﾞ,"
",
784091D001006,OW-3 ｽﾞﾘﾊﾟｯｷﾝ(ｸﾞﾚｰ),ｽﾘﾊﾟｯｷﾝ(ｸﾞ,m,784091,㈱ﾜﾝﾜｰﾄﾞ,"
",
784091D001007,OT-4改 ｵｰﾊﾞｰﾗｯﾌﾟﾊﾟｯｷﾝ 2.6m,ｵｰﾊﾞｰﾗｯﾌﾟﾊ,本,784091,㈱ﾜﾝﾜｰﾄﾞ,"
",
784091D001008,OT-4改 ｵｰﾊﾞｰﾗｯﾌﾟﾊﾟｯｷﾝ 1.4m,ｵｰﾊﾞｰﾗｯﾌﾟﾊ,本,784091,㈱ﾜﾝﾜｰﾄﾞ,"
",
784091D001009,OT-4改 ｵｰﾊﾞｰﾗｯﾌﾟﾊﾟｯｷﾝ 1.7m,ｵｰﾊﾞｰﾗｯﾌﾟﾊ,本,784091,㈱ﾜﾝﾜｰﾄﾞ,"
",
784091D001010,OT-4改 ｵｰﾊﾞｰﾗｯﾌﾟﾊﾟｯｷﾝ 2.25m,ｵｰﾊﾞｰﾗｯﾌﾟﾊ,本,784091,㈱ﾜﾝﾜｰﾄﾞ,"
",
784091D002001,OW-1 ｾﾝﾀｰﾊﾟｯｷﾝ (50M巻),OW-1,巻,784091,㈱ﾜﾝﾜｰﾄﾞ,"
",
784091D002002,OW-2 側面ﾊﾟｯｷﾝ (100M巻),OW-2,巻,784091,㈱ﾜﾝﾜｰﾄﾞ,"
",
784091D002003,OW-3 ｽﾞﾘﾊﾟｯｷﾝ (80M巻),OW-3,巻,784091,㈱ﾜﾝﾜｰﾄﾞ,"
",
784091D003001,導電性 反転SWﾊﾟｯｷﾝ L=1750MM,ﾄﾞｳﾃﾞﾝｾｲ ﾄ,本,784091,㈱ﾜﾝﾜｰﾄﾞ,"
",
790031D001001,樹脂ﾌｧｲﾊﾞｰTZ05KB03 φ6.3 L=800mm,ｼﾞｭｼﾌｧｲﾊﾞｰ,,784041,ﾜｲｺﾑ,"
",
790061I001001,LEDｶﾊﾞｰ ﾄﾞｰﾑﾀｲﾌﾟ 乳白 L=1106,LEDｶﾊﾞｰ,本,784082,㈱ﾜﾝ･ﾊﾞｲ･ﾜﾝ,"
",
790061I001002,LEDｶﾊﾞｰ ﾄﾞｰﾑﾀｲﾌﾟ 乳白 L=1306,LEDｶﾊﾞｰﾌﾗｯ,本,784082,㈱ﾜﾝ･ﾊﾞｲ･ﾜﾝ,"
",
790061I001003,LEDｶﾊﾞｰ ﾄﾞｰﾑﾀｲﾌﾟ 乳白 L=1416,LEDｶﾊﾞｰ,本,784082,㈱ﾜﾝ･ﾊﾞｲ･ﾜﾝ,"
",
790061I001005,LEDｶﾊﾞｰ ﾄﾞｰﾑﾀｲﾌﾟ 乳白 L=506,LEDｶﾊﾞｰ,本,784082,㈱ﾜﾝ･ﾊﾞｲ･ﾜﾝ,"
",
790061I001006,LEDｶﾊﾞｰ ﾄﾞｰﾑﾀｲﾌﾟ 乳白 L=806,LEDｶﾊﾞｰ,本,784082,㈱ﾜﾝ･ﾊﾞｲ･ﾜﾝ,"
",
790061I002001,LEDｶﾊﾞｰ ﾌﾗｯﾄﾀｲﾌﾟ 乳白,LEDｶﾊﾞｰﾌﾗｯ,ｍ,784082,㈱ﾜﾝ･ﾊﾞｲ･ﾜﾝ,"
",
790061I002002,LEDｶﾊﾞｰ ﾌﾗｯﾄﾀｲﾌﾟ 乳白 L=1109,LEDｶﾊﾞｰ,本,784082,㈱ﾜﾝ･ﾊﾞｲ･ﾜﾝ,"
",
790061I002003,LEDｶﾊﾞｰ ﾌﾗｯﾄﾀｲﾌﾟ 乳白 L=1219,LEDｶﾊﾞｰﾌﾗｯ,本,784082,㈱ﾜﾝ･ﾊﾞｲ･ﾜﾝ,"
",
790061I002004,LEDｶﾊﾞｰ ﾌﾗｯﾄﾀｲﾌﾟ 乳白 L=1419,LEDｶﾊﾞｰ,本,784082,㈱ﾜﾝ･ﾊﾞｲ･ﾜﾝ,"
",
790061I002005,LEDｶﾊﾞｰ ﾌﾗｯﾄﾀｲﾌﾟ 乳白 L=1609,LEDｶﾊﾞｰ,本,784082,㈱ﾜﾝ･ﾊﾞｲ･ﾜﾝ,"
",
790061I002006,LEDｶﾊﾞｰ ﾌﾗｯﾄﾀｲﾌﾟ 乳白 L=1309,LEDｶﾊﾞｰﾌﾗｯ,本,784082,㈱ﾜﾝ･ﾊﾞｲ･ﾜﾝ,"
",
790061I002007,LEDｶﾊﾞｰ ﾌﾗｯﾄﾀｲﾌﾟ 乳白 L=1719,LEDｶﾊﾞｰ,本,784082,㈱ﾜﾝ･ﾊﾞｲ･ﾜﾝ,"
",
790061I002008,LEDｶﾊﾞｰ ﾌﾗｯﾄﾀｲﾌﾟ 乳白 L=1799,LEDｶﾊﾞｰ,本,784082,㈱ﾜﾝ･ﾊﾞｲ･ﾜﾝ,"
",
790061I002009,LEDｶﾊﾞｰ ﾌﾗｯﾄﾀｲﾌﾟ 乳白 L=2000,LEDｶﾊﾞｰﾌﾗｯ,本,784082,㈱ﾜﾝ･ﾊﾞｲ･ﾜﾝ,"
",
790071D001003,OT-3改 ｽﾞﾘﾊﾟｯｷﾝ(80M巻),OT-3ｶｲ,巻,784091,㈱ﾜﾝﾜｰﾄﾞ,"
",
