1,762002I000101,"ｼｪｰﾄﾞｶﾊﾞｰ(DR-31676) L=305 (100本/回)",ｼｪｰﾄﾞｶﾊﾞｰ,本,0,0,762002
0,762002I000102,"ｼｪｰﾄﾞｶﾊﾞｰ(DR-31676) L=305 (500本/回)",ｼｪｰﾄﾞｶﾊﾞｰ,本,0,0,762002
0,762002I000103,"ｼｪｰﾄﾞｶﾊﾞｰ(DR-31676) L=305 (800本/回)",ｼｪｰﾄﾞｶﾊﾞｰ,本,0,0,762002
0,762002I000104,"ｼｪｰﾄﾞｶﾊﾞｰ(DR-31676) L=545 (100本/回)",ｼｪｰﾄﾞｶﾊﾞｰ,本,0,0,762002
0,762002I000105,"ｼｪｰﾄﾞｶﾊﾞｰ(DR-31676) L=545 (500本/回)",ｼｪｰﾄﾞｶﾊﾞｰ,本,0,0,762002
0,762002I000106,"ｼｪｰﾄﾞｶﾊﾞｰ(DR-31676) L=545 (800本/回)",ｼｪｰﾄﾞｶﾊﾞｰ,本,0,0,762002
1,762002I000201,"照明ｶﾊﾞｰ(DR-31677) L=305 (100本/回)",ｼｮﾒｲｶﾊﾞｰ,本,0,0,762002
0,762002I000202,"照明ｶﾊﾞｰ(DR-31677) L=305 (500本/回)",ｼｮﾒｲｶﾊﾞｰ,本,0,0,762002
0,762002I000203,"照明ｶﾊﾞｰ(DR-31677) L=305 (800本/回)",ｼｮﾒｲｶﾊﾞｰ,本,0,0,762002
0,762002I000204,"照明ｶﾊﾞｰ(DR-31677) L=545 (100本/回)",ｼｮﾒｲｶﾊﾞｰ,本,0,0,762002
0,762002I000205,"照明ｶﾊﾞｰ(DR-31677) L=545 (500本/回)",ｼｮﾒｲｶﾊﾞｰ,本,0,0,762002
0,762002I000206,"照明ｶﾊﾞｰ(DR-31677) L=545 (800本/回)",ｼｮﾒｲｶﾊﾞｰ,本,0,0,762002
